gauge_id,2006-1,2006-2,2006-3,2006-4,2006-5,2006-6,2006-7,2006-8,2006-9,2006-10,2006-11,2006-12,2006-13,2006-14,2006-15,2006-16,2006-17,2006-18,2006-19,2006-20,2006-21,2006-22,2006-23,2006-24,2006-25,2006-26,2006-27,2006-28,2006-29,2006-30,2006-31,2006-32,2006-33,2006-34,2006-35,2006-36,2006-37,2006-38,2006-39,2006-40,2006-41,2006-42,2006-43,2006-44,2006-48
10002,0,0.0105,0,0,0,0.0037,0,0,0,0,0.0015,0.4104,0,0,0,0,0,0.424,0,0,0.0011,0,0.0039,0.0535,0.0098,0.0046,0.0168,0,0.0042,0,0,0,0,0,0,0.0561,0,0,0,0,0,0,0,0,0
10003,0,0.0042,0,0,0,0,0,0,0,0,0.0056,0.5882,0,0,0,0,0,0.3433,0,0,0,0,0.0088,0.0322,0.0036,0.0053,0.0041,0,0.0047,0,0,0,0,0,0,0,0,0,0,0,0,0,0,0,0
1001,0,0.0017,0,0,0,0,0.0027,0,0,0,0,0.0395,0,0,0,0,0,0.3013,0,0,0.0208,0,0,0.1146,0,0.0762,0.0276,0,0.0175,0,0,0,0,0,0,0.3653,0,0,0,0,0.0329,0,0,0,0
101002,0,0.0134,0,0,0,0,0.0085,0,0,0,0,0.5838,0,0,0,0,0,0.3726,0,0,0,0,0.0216,0,0,0,0,0,0,0,0,0,0,0,0,0,0,0,0,0,0,0,0,0,0
101005,0,0.0428,0,0,0,0,0,0,0,0,0,0.5486,0,0,0,0,0,0.4086,0,0,0,0,0,0,0,0,0,0,0,0,0,0,0,0,0,0,0,0,0,0,0,0,0,0,0
102001,0,0,0,0,0,0.0043,0,0,0,0,0,0.0152,0,0,0,0,0,0.9805,0,0,0,0,0,0,0,0,0,0,0,0,0,0,0,0,0,0,0,0,0,0,0,0,0,0,0
106001,0,0,0,0,0,0,0,0,0,0,0,0,0,0,0,0,0,0,0,0,0,0,0,0,0,0.0051,0.0053,0,0.1016,0,0,0,0,0,0,0.8559,0,0,0,0,0.0321,0,0,0,0
107001,0,0,0,0,0,0,0,0,0,0,0,0,0,0,0,0,0,0.1917,0,0,0,0,0,0,0,0.0036,0.2766,0,0,0,0,0,0,0,0,0.5282,0,0,0,0,0,0,0,0,0
11001,0,0.0092,0.0011,0,0,1e-4,6e-4,0,0,0,0.0031,0.264,0,0,0,0,0,0.2994,0,0,6e-4,0,0.0138,0.1347,0.0105,0.0198,0.1971,0,0.0228,0,0,0.0024,0,0,0,0.0209,0,0,0,0,0,0,0,0,0
11003,0,0,0,0,0,0,0,0,0,0,0.0012,0.0683,0,0,0,0,0,0.2428,0,0,0,0,0.008,0.1444,0.0074,0.033,0.4165,0,0.0204,0,0,0.006,0,0,0,0.0521,0,0,0,0,0,0,0,0,0
11004,0,0.0047,0,0,0,0,0,0,0,0,0.0022,0.3945,0,0,0,0,0,0.3656,0,0,0.0036,0,0.0148,0.1207,0.0049,0.0157,0.0436,0,0.0296,0,0,0,0,0,0,0,0,0,0,0,0,0,0,0,0
12001,0,0.0026,0,0,0,0,0,0,0,0,0.0023,0.0205,2e-4,0,0,0,0,0.08,0,0,0,0,0.0147,0.1427,0.0058,0.0472,0.4922,0,0.0077,0,0,0.0652,3e-4,0,0,0.1156,0,0,0,0,0.0029,0,0,0,0
12002,0,0.0038,2e-4,0,0,0,2e-4,0,2e-4,0,0.0026,0.0388,2e-4,0,0,0,0,0.1028,0,0,0.0013,0,0.0118,0.1765,0.0088,0.0436,0.4511,0,0.007,0,0,0.0491,3e-4,0,0,0.0998,0,0,0,0,0.0022,0,0,0,0
12005,0,0,0,0,0,0,0,0,0,0,0,0,0,0,0,0,0,0.0168,0,0,0,0,0,0.0857,0,0.1111,0.5449,0,0.0059,0,0,0.0171,0,0,0,0.1979,0,0,0,0,0.0207,0,0,0,0
12006,0,0,0,0,0,0,0,0,0,0,0,0,0,0,0,0,0,0.0181,0,0,0,0,0.0185,0.0086,0.0023,0.0541,0.7063,0,0,0,0,0.0749,0,0,0,0.1171,0,0,0,0,0,0,0,0,0
12007,0,0,0,0,0,0,0,0,0,0,0,0,0,0,0,0,0,0.0043,0,0,0,0,0,0.0197,0,0.0069,0.4579,0,0.0072,0,0,0.1766,0,0,0,0.3263,0,0,0,0,0.0011,0,0,0,0
12008,0,0,0,0,0,0,0,0,0,0,0,0.0198,0,0,0,0,0,0.0804,0,0,0,0,0,0.1969,0,0.0326,0.571,0,0,0,0,0,0,0,0,0.0993,0,0,0,0,0,0,0,0,0
12009,0,0,0,0,0,0,0,0,0,0,0,0,0,0,0,0,0,0,0,0,0,0,0,0,0,0,0.8326,0,0,0,0,0,0,0,0,0.1674,0,0,0,0,0,0,0,0,0
13001,0,0,0,0,0,0,0,0,0,0,0,0.5117,0,0,0,0,0,0.2799,0,0,0,0,0.0144,0.0983,0.0054,0.0079,0.0274,0,0.0542,0,0,0,0,0,0,9e-4,0,0,0,0,0,0,0,0,0
13004,0,0,0,0,0,0,0,0,0,0,0,0.0146,0,0,0,0,0,0.0945,0,0,0,0,0.0039,0.1263,0.0026,0.0571,0.6794,0,0.0215,0,0,0,0,0,0,1e-4,0,0,0,0,0,0,0,0,0
13005,0,0.0091,0,0,0,0,5e-4,0.0043,0,0,0.0034,0.7883,0,0,0,0,0,0.1186,0,0,0,0,0.0109,0.0298,0.0209,0.0072,0.0023,0,0,0,0,0,0,0,0,0,0,0,0,0,0.0046,0,0,0,0
13007,0,0.0021,9e-4,0,0,0.0026,3e-4,0,0,0,0.0019,0.2521,0,0,0,0,0,0.0874,0,0,0,0,0.0025,0.0507,0.0089,0.0753,0.4405,0,9e-4,0,0,8e-4,0.0028,0,0,0.0689,0,0,0,0,0.0013,0,0,0,0
13008,0,0.0025,5e-4,0,0,0,0,0,0,0,0.0023,0.2341,0,0,0,0,0,0.1237,0,0,0.0017,0,0.0048,0.0732,0.0138,0.0874,0.4208,0,0.0079,0,6e-4,0.0014,0.001,0,0,0.0238,0,0,0,0,6e-4,0,0,0,0
14001,0,0.0211,0,0,0,0,0.0048,0,0,0,0.0045,0.5817,0,0,0,0,0,0.2469,0,0,0,0,0.0099,0.0592,0.0168,0.0293,0.0235,0,0.0015,0,0,0,0,0,0,1e-4,0,0,0,0,8e-4,0,0,0,0
14002,0,0.1093,0.0181,0,0,0,0,0,0,0.0113,0.0214,0.5438,0,0,0,0,0,0.1514,0,0,0,0,0.008,0.0282,0.0033,0.0711,0.0318,0,0,0,0,0,0,0,0,0,0,0,0,0,0.0024,0,0,0,0
14005,0,0.0048,0,0,0,0,0.0053,0,0,0,0.0074,0.6399,0,0,0,0,0,0.2589,0,0,0,0,0,0.0156,0.0264,0.0418,0,0,0,0,0,0,0,0,0,0,0,0,0,0,0,0,0,0,0
15006,0,0.0039,3e-4,0,0,0,1e-4,0,0,2e-4,0.0024,0.0822,0,0,0,1e-4,0,0.0806,0,1e-4,7e-4,0,0.0203,0.1149,0.009,0.1608,0.2786,0,0.0196,0,8e-4,0.0222,3e-4,0,2e-4,0.1777,0,0,0,7e-4,0.0245,0,0,0,0
15007,0,0.0016,0,0,0,0,0,0,0,0,0.0013,0.0035,0,0,0,0,0,0.0726,0,0,0.0018,0,0.0221,0.1106,0.0044,0.3191,0.2043,0,0.0214,0,3e-4,0.0411,6e-4,0,0,0.1638,0,0,0,0,0.0316,0,0,0,0
15010,0,0.0021,0.0024,0,0,0,0,0,0,0,0.0029,0.1235,0,0,0,7e-4,0,0.1649,0,7e-4,0.0037,0,0.0105,0.1259,0.0062,0.209,0.3053,0,0.0124,0,0,0.0022,0,0,5e-4,0.0172,0,0,0,0,0.0099,0,0,0,0
15011,0,0,0,0,0,0,0,0,0,0,0,0,0,0,0,0,0,0.0509,0,0,0,0,0.0097,0.0474,0.0044,0.3631,0.2013,0,0.0233,0,8e-4,0.0533,0,0,0,0.2265,0,0,0,0,0.0193,0,0,0,0
15012,0,0.0017,0,0,0,0,2e-4,0,0,0,0.0022,2e-4,0,0,0,0,0,0.0281,0,0,0,0,0.0213,0.1146,0.0024,0.076,0.2973,0,0.0303,0,0.0019,0.0314,0,0,0,0.3535,0,0,0,0,0.0389,0,0,0,0
15013,0,0.0015,3e-4,0,0,0,0.001,0,0,0,0.0016,0.0092,0,0,0,0,0,0.1618,0,0,0,0,0.0209,0.0507,0.0142,0.2345,0.3567,0,0.0042,0,0,0.0041,0,0,0,0.1395,0,0,0,0,0,0,0,0,0
15014,0,0,0,0,0,0,0,0,0,0,0,0,0,0,0,0,0,0.0493,0,0,0,0,0,0.077,0,0.2386,0.493,0,0.0042,0,0,0.0039,0,0,0,0.134,0,0,0,0,0,0,0,0,0
15016,0,0.0015,0,0,0,0,0,0,0,0,0.0014,0,0,0,0,0,0,0.0611,0,0,0.0015,0,0.0248,0.0954,0.003,0.36,0.1737,0,0.0209,0,0,0.0442,0,0,0,0.1652,0,0,0,0,0.0473,0,0,0,0
15021,0,0.016,0,0,0,0,0,0,0,0.0048,0.0167,0.2507,0,0,0,0,0,0.1952,0,0,0,0,0.0714,0.077,0.0108,0.0897,0.2357,0,6e-4,0,0,0,0,0,0,0,0,0,0,0,0.0314,0,0,0,0
15023,0,0,0,0,0,0,0,0,0,0,0,0,0,0,0,0,0,0.0849,0,0,0,0,0.0074,0.2104,0.0046,0.1332,0.4763,0,0.0058,0,0,6e-4,0.0035,0,0,0.0627,0,0,0,0,0.0105,0,0,0,0
15024,0,0,0,0,0,0,0,0,0,0,0,0,0,0,0,0,0,0.0311,0,0,0,0,0.0066,0.1621,0.0017,0.3623,0.1584,0,0.0319,0,0,0.0458,0,0,0,0.1978,0,0,0,0,0.0022,0,0,0,0
15025,0,0,2e-4,0,0,0,0,0,0,0,0,0.0041,0,0,0,0,0,0.1245,0,0,0,0,0.0055,0.0936,0.0061,0.2298,0.4777,0,0.0124,0,0,0.0035,0,0,0,0.0428,0,0,0,0,0,0,0,0,0
15030,0,0.0264,0.0014,0,0,0,9e-4,0,0,0.0013,0.0044,0.6371,0,0,0,0,0,0.1166,0,0,0,0,0.0068,0.048,0.0173,0.0538,0.0815,0,0,0,0,0,0,0,0.0029,0,0,0,0,0,0.0017,0,0,0,0
15039,0,0,0,0,0,0,0,0,0,0,0,0,0,0,0,0,0,0,0,0,0,0,0,0.003,0,0.096,0.4955,0,0,0,0,0.0928,0,0,0,0.3107,0,0,0,0,0.002,0,0,0,0
16001,0,0.0079,9e-4,0,0,0,0,0,0,0,0.0059,0.1131,0,2e-4,0,0,0,0.1412,0,0,4e-4,0,0.0297,0.0754,0.02,0.2302,0.259,0,0.0046,0,0,0.0125,0.001,0,8e-4,0.0742,0,0,0,0,0.023,0,0,0,0
16003,0,0,0.0051,0,0,0,0,0,0,0,0,5e-4,0,0,0,0,0,0.088,0,0,0,0,0.0155,0.0099,8e-4,0.5757,0.1698,0,0,0,0,0.0122,0,0,0,0.1224,0,0,0,0,0,0,0,0,0
16004,0,0.0086,0.0011,0,0,0,0,0,0,0,0.0081,0.1746,0,2e-4,0,0,0,0.1657,0,0,8e-4,0,0.0266,0.0819,0.0203,0.2006,0.2231,0,0.0051,0,0,0.0093,7e-4,0,6e-4,0.0554,0,0,0,0,0.0172,0,0,0,0
17001,0,0.0296,0.0018,0,0,0,0.0079,0,0,0,0,0.0363,0,0,0,0,0,0.2689,0,0,0,0,0.0128,0.2451,0.0116,0.1007,0.1542,0,0.0602,0,0,0,0,0,0,0.0285,0,0,0,0,0.0423,0,0,0,0
17003,0,0.1724,0.0414,0,0,0,0,0,0,0,0.0184,0.0367,0,0,0,0,0,0.3894,0,0,0,0,0.0157,0.0996,0.067,0.0542,0.0151,0,0.0243,0,0,0,0,0,0,0.0658,0,0,0,0,0,0,0,0,0
17004,0,0.0847,0.0212,0,0,0.0021,0.0421,0,0.0022,0.0018,0.0246,0.2727,0,0,0,0,0,0.3776,0,0,0,0,0.0143,0.0749,0.0127,0.0195,0.0062,0,0.0168,0,0,0,0,0,0,0.0092,0,0,0,0,0.0176,0,0,0,0
17005,0.0027,0.0765,0.0025,0,0,0,0.0105,0,0.0048,0.0032,0.0117,0.1088,0,0,0,0,0,0.4379,0,0,0.0337,0,0.0127,0.0615,0.0111,0.0507,0.0336,0,0.0302,0,0,0,0,0,0,0.101,0,0,0,0,0.007,0,0,0,0
17015,0,4e-4,0,0,0,0,0,0,0,0,0,0.2019,0,0,0,0,0,0.2655,0,0,0,0,0,0.1856,0,0.2382,0.0722,0,0.0306,0,0,0,0,0,0,0.0057,0,0,0,0,0,0,0,0,0
17018,0,0,0,0,0,0,0,0,0,0,0,0.7795,0,0,0,0,0,0.1687,0,0,0,0,0,0,0,0.0077,0.0441,0,0,0,0,0,0,0,0,0,0,0,0,0,0,0,0,0,0
18001,0,0.006,3e-4,0,0,0,0,0,0,0,0.0094,0.0635,0,0,0,0,0,0.3223,0,0,0,0,0.0025,0.0932,0.0145,0.1459,0.2131,0,0.0133,0,0,0,0,0,0,0.1144,0,0,0,0,0.0016,0,0,0,0
18002,0,0.0326,0.0022,0,0,0,0.0027,0,0,0,0.009,0.0451,0,0,0,0,0,0.2248,0,0,0.0356,0,0.0156,0.07,0.0081,0.3116,0.1293,0,0.0638,0,0,0.0152,0,0,0,0.0279,0,0,0,0,0.0065,0,0,0,0
18003,0,0.0032,0,0,0,0,0.0016,0,0,0,8e-4,0.0044,0,0,0,0,0,0.0645,0,0,0.0013,0,0.0299,0.1808,0.0099,0.3493,0.1414,0,0.058,0,0,0.0232,0,0,0,0.0829,0,0,0,0,0.0487,0,0,0,0
18008,0,0,0,0,0,0,0,0,0,0,0,0,0,0,0,0,0,0.0138,0,0,0.0034,0,0.013,0.2529,0.0057,0.3634,0.1274,0,0.0431,0,0,0.0382,0,0,0,0.1121,0,0,0,0,0.027,0,0,0,0
18010,0,0.0022,0,0,0,0,0,0,0,0,0.0057,0.1424,0,0,0,0,0,0.2057,0,0,0.0046,0,0.0355,0.2337,0.0204,0.0714,0.1249,0,0.0652,0,0,0.0015,0,0,0,0.0713,0,0,0,0,0.0156,0,0,0,0
18011,0,0.0053,0.0039,0,0,0,8e-4,0,0,0,0.0055,0.0926,0,0,0,0,0,0.1333,0,0,0.0024,0,0.0295,0.1893,0.0198,0.2185,0.1261,0,0.0567,0,0,0.0122,0,0,0,0.0736,0,0,0,0,0.0304,0,0,0,0
18014,0,0.0414,0,0,0,0,0,0,0,0,0,0.1069,0,0,0,0,0,0.3502,0,0,0,0,0,0.2401,0.0521,0.054,0.1349,0,0,0,0,0,0,0,0,0,0,0,0,0,0.0205,0,0,0,0
18017,0,0,0,0,0,0,0,0,0,0,0,0,0,0,0,0,0,0,0,0,0,0,0,0.0613,0,0.0832,0.2993,0,0.2248,0,0,0.0409,0,0,0,0.2905,0,0,0,0,0,0,0,0,0
18018,0,0,0,0,0,0,0,0,0,0,0,0,0,0,0,0,0,0,0,0,0,0,0,0.3914,0,0.4057,0,0,0,0,0,0.0629,0,0,0,0.14,0,0,0,0,0,0,0,0,0
19001,0,0.0998,0.0545,0.0026,0,0.0122,0.0081,0.0124,0.0018,0.0041,0.0283,0.2345,0,0,0,0,0,0.235,0,0,0.0038,0,0.0167,0.0826,0.013,0.0344,0.0342,0,0.0501,0,0,0.0016,0,0,0,0.0667,0,0,0,0,0.0035,0,0,0,0
19006,0.0091,0.1831,0.0257,0,0,0.0022,0.0031,0,0,0.0083,0.0184,0.1509,0,0,0,0,0,0.1881,0,0,0,0,0.012,0.0195,0.0041,0.0216,0.108,0,0.0087,0,0,0,0,0,0,0.2177,0,0,0,0,0.0195,0,0,0,0
19010,0,0.3577,0.0032,0,0,0,0,0,0,0,0.1429,0.0259,0,0,0,0,0,0.1313,0,0,0,0,0.0369,0.0272,0,0.0873,0.1876,0,0,0,0,0,0,0,0,0,0,0,0,0,0,0,0,0,0
19017,0,0.1304,0.0808,0,0,0.0293,0.003,0,0,5e-4,0.0555,0.4808,0,0,0,0,0,0.1875,0,0,0,0,0.0094,0.0089,0,0,0.0139,0,0,0,0,0,0,0,0,0,0,0,0,0,0,0,0,0,0
19020,0,0.0765,0,0,0,0,0.0353,0.045,0.0103,3e-4,0.0234,0,0,0,0,0,0,0.3289,0,0,0,0,0,0.1334,0.0125,0.0369,0.0315,0,0.1149,0,0,0,0,0,0,0.1512,0,0,0,0,0,0,0,0,0
20002,0,0,0.0184,0,0,0.0192,0,0,0,0,0,0.9463,0,0,0,0,0,0.0043,0,0,0,0,0.0118,0,0,0,0,0,0,0,0,0,0,0,0,0,0,0,0,0,0,0,0,0,0
20003,0,0.0089,0,0,0,0,0,0,0,0,0.0132,0.6481,0,0,0,0,0,0.1782,0,0,0.0026,0,0.0289,0.0228,0.0184,0.0142,0.0641,0,6e-4,0,0,0,0,0,0,0,0,0,0,0,0,0,0,0,0
20007,0,0.0049,0,0,0,0,0,0,0,0,0.022,0.4699,0,0,0,0,0,0.1326,0,0,0,0,0.0429,0.0103,0.0338,0.057,0.2267,0,0,0,0,0,0,0,0,0,0,0,0,0,0,0,0,0,0
2001,0,0,0,0,0,0,0,0,0,0,0,0,0,0,0,0,0,0.0258,0,0,0.0021,0,0,0.0556,0,0.0328,0.2801,0,0.004,0,0,7e-4,0,0,0,0.5694,0,0,0,0,0.0295,0,0,0,0
2002,0,0,0,0,0,0,0,0,0,0,0,0,0,0,0,0,0,0.0214,0,0,0.0018,0,0.0028,0.0489,0,0.0481,0.1984,0,0.021,0,0,0.0011,0,0,0,0.6457,0,0,0,0,0.0108,0,0,0,0
21003,0,0.0052,0,0,0,0,0.0016,0,0,0,0.0042,0.0303,0,0,0,0,0,0.2757,0,0,0,0,0.0024,0.116,0.0069,0.1862,0.2462,0,0.0333,0,0,0.015,0,0,0,0.0725,0,0,0,0,0.0046,0,0,0,0
21006,0,0.0057,0,0,0,0,7e-4,0,0,0,0.0036,0.0249,0,0,0,0,0,0.187,0,0,0,0,0.0055,0.1681,0.0051,0.2611,0.1944,0,0.0328,0,0,0.013,0,0,0,0.0923,0,0,0,0,0.0057,0,0,0,0
21008,0,0.0064,0,0,0,0,0,0,0,0,0.0051,0.2391,0,0,0,0,0,0.1912,0,0,9e-4,0,0.0092,0.1715,0.0031,0.2399,0.0721,0,0.0551,0,0,0,0,0,0,0.0058,0,0,0,0,6e-4,0,0,0,0
21009,0,0.0069,1e-4,0,0,0,4e-4,0,0,0,0.0077,0.2358,0,0,0,0,0,0.2064,0,0,3e-4,0,0.0074,0.1123,0.005,0.2022,0.1347,0,0.0282,0,0,0.0057,0,0,1e-4,0.0445,0,0,0,0,0.0021,0,0,0,0
21011,0,0,0,0,0,0,0,0,0,0,0,0.0032,0,0,0,0,0,0.0702,0,0,0,0,0,0.1114,0.0026,0.4358,0.1504,0,0.0063,0,0,0.0312,0,0,0,0.1654,0,0,0,0,0.0235,0,0,0,0
21012,0,0.015,0,0,0,0,0,0,0,0,0.0015,0.0586,0,0,0,0,0,0.1242,0,0,0.0031,0,0.0053,0.2656,0.0011,0.3916,0.0716,0,0.0599,0,0,0,0,0,0,0.0025,0,0,0,0,0,0,0,0,0
21013,0,0.0018,0,0,0,0,0,0,0,0,0.0021,0.0366,0,0,0,0,0,0.3456,0,0,0,0,0.0091,0.0371,0.0063,0.2491,0.1891,0,0.0163,0,0,0,0,0,0,0.1069,0,0,0,0,0,0,0,0,0
21015,0,0.0031,0,0,0,0,0,0,0,0,0.0097,0.1831,0,0,0,0,0,0.3018,0,0,0,0,0.0091,0.0346,0.0011,0.1578,0.2888,0,0.011,0,0,0,0,0,0,0,0,0,0,0,0,0,0,0,0
21016,0,0.0059,0,0,0,0,0,0,0,0,0,0.6505,0,0,0,0,0,0.2011,0,0,0,0,0.0053,0.0718,0.0118,0.0113,0.0351,0,0.0039,0,0,0,0,0,0,0.0033,0,0,0,0,0,0,0,0,0
21017,0,0,0,0,0,0,0,0,0,0,0,0,0,0,0,0,0,0,0,0,0,0,0,0.2468,0,0.5608,0.0669,0,0.0643,0,0,0.0259,0,0,0,0.0353,0,0,0,0,0,0,0,0,0
21018,0,0.0037,0,0,0,0,0.0031,0,0,0,0.0042,0.0668,0,0,0,0,0,0.3413,0,0,0,0,0.0044,0.1019,0.0104,0.1776,0.1389,0,0.0163,0,0,0,0,0,0,0.1276,0,0,0,0,0.0038,0,0,0,0
21022,0,0.004,0,0,0,0,0,0,0,0,0.0084,0.2937,0,0,0,0,0,0.2218,0,0,0,0,0.0038,0.0459,0.0098,0.0988,0.2754,0,0.0161,0,0,0,0,0,0,0.0203,0,0,0,0,0.002,0,0,0,0
21023,0,0.0027,0,0,0,0,0,0,0,0,0.0134,0.9089,0,0,0,0,0,0.0611,0,0,0,0,0.0033,0.0094,0,0.0012,0,0,0,0,0,0,0,0,0,0,0,0,0,0,0,0,0,0,0
21024,0,0.0109,0,0,0,0,0,0,0,0,0.0044,0.1437,0,0,0,0,0,0.24,0,0,0,0,0.028,0.283,0.0019,0.1033,0.0336,0,0.1163,0,0,0,0,0,0,0.0349,0,0,0,0,0,0,0,0,0
21026,0,0,0,0,0,0,0,0,0,0,0,0,0,0,0,0,0,0.0016,0,0,0,0,0,0.8187,0,0.0723,0.0126,0,0.08,0,0,0,0,0,0,0.0148,0,0,0,0,0,0,0,0,0
21027,0,0.0102,0,0,0,0,0,0,0,0,0.0191,0.3518,0,0,0,0,0,0.2953,0,0,0,0,0.0076,0.0356,0.0052,0.1193,0.0818,0,0.0085,0,0,0,0,0,0,0.0656,0,0,0,0,0,0,0,0,0
22001,0,0.0047,0,0,0,0.0024,0.0011,0,0,0,0.0074,0.1313,0,0,0,0,0,0.3216,0,0,0.002,0,0.0135,0.0736,0.0251,0.1623,0.154,0,0.008,0,0,4e-4,0,0,0,0.0926,0,0,0,0,0,0,0,0,0
22006,0,0.0223,0.0016,0,0,0.0108,0.0062,0,0,0,0.0236,0.4974,0,0,0,0,0,0.4044,0,0,0,0,0.0069,0,0.0097,0.0046,0.007,0,0.0027,0,0,0,0,0,0.0028,0,0,0,0,0,0,0,0,0,0
22007,0,0,1e-4,0,0,0,0,0,0,0,0.0098,0.2157,0,0,0,0,0,0.4462,0,0,0.0062,0,0.0119,0.0953,0.0245,0.0706,0.069,0,0.0424,0,0,0,0,0,0,0.0049,0,0,0,0,0.0033,0,0,0,0
22009,0,0.0032,0,0,0,0,0.0018,0,0,0,0.0018,0.0516,0,0,0,0,0,0.2441,0,0,0,0,0.0039,0.0986,0.0081,0.2506,0.1688,0,0.0122,0,0,7e-4,0,0,0,0.1547,0,0,0,0,0,0,0,0,0
23001,0,0.0049,3e-4,0,0,0,7e-4,3e-4,0,0,0.0052,0.0381,0,0,0,0,0,0.278,0,0,6e-4,0,0.0056,0.1308,0.0098,0.158,0.1458,0,0.0806,0,0,0.0104,0,0,0,0.1229,0,0,0,0.0011,0.0068,0,0,0,0
23004,0,0.005,0,0,0,0,1e-4,0,0,0,0.0047,0.0022,0,0,0,0,0,0.3164,0,0,0,0,0.0058,0.0339,0.0146,0.1888,0.1843,0,0.0096,0,0,0.0302,0,0,0,0.2029,0,0,0,1e-4,0.0014,0,0,0,0
23006,0,0.0016,0,0,0,0,2e-4,0,0,0,0.0029,0,0,0,0,0,0,0.1796,0,0,0,0,0.0048,0.0201,0.0014,0.2098,0.2079,0,0.0062,0,0,0.0599,0,0,0,0.3048,0,0,0,0,9e-4,0,0,0,0
23007,0,0.0402,0.0015,0,0,0,0.004,0,0,0,0.003,0.1255,0,0,0,0,0,0.3171,0,0,0,0,0.018,0.0575,0.0112,0.0618,0.227,0,9e-4,0,0,0,0,0,0,0.1066,0,0,0.0112,0,0.0144,0,0,0,0
23008,0,0.001,0.0019,0,0,0,0,0,0,0,0,0,0,0,0,0,0,0.1842,0,0,0,0,0.0021,0.1289,0,0.2609,0.2233,0,0.0863,0,0,0,0,0,0,0.1087,0,0,0,0,0.0029,0,0,0,0
23011,0,0,0,0,0,0,0,0,0,0,0,0,0,0,0,0,0,0,0,0,0,0,0,0.2314,0,0.0075,0.1635,0,0.123,0,0,0,0,0,0,0.4747,0,0,0,0,0,0,0,0,0
23016,0.0204,0.4147,0.0162,0,0,0.0187,0,0,0.0121,0.0241,0.068,0.3732,0,0,0,0,0,0.0342,0,0,0,0,0,0,0.0185,0,0,0,0,0,0,0,0,0,0,0,0,0,0,0,0,0,0,0,0
24001,5e-4,0.0309,0.0029,0,0,0,0.0055,0,0,0,0.0054,0.1194,0,0,0,0,0,0.3633,0,0,0,0,0.0068,0.0464,0.0017,0.1014,0.1921,0,0.0038,0,0,0.0326,0,0,0,0.0866,0,0,0,0,0.001,0,0,0,0
24003,0,0,0,0,0,0,0.0127,0,0,0,0,0,0,0,0,0,0,0.1615,0,0,0,0,0,0.0134,0,0.2563,0.2924,0,0,0,0,0.1221,0,0,0,0.1392,0,0,0,0,0.0023,0,0,0,0
24004,0,0,0,0,0,0,0,0,0,0,0,0,0,0,0,0,0,0.1849,0,0,0,0,4e-4,0.2698,0,0.043,0.2934,0,0.0298,0,0,0,0,0,0,0.1786,0,0,0,0,0,0,0,0,0
24005,0,0.0517,0.0104,0,0,0,0.0017,0,0,1e-4,0.004,0.2743,0,0,0,0,0,0.5617,0,0,0.0181,0,0.0147,0.0347,0,0.0071,0.0176,0,0.0038,0,0,0,0,0,0,0,0,0,0,0,0,0,0,0,0
25001,0,0.0047,3e-4,0,0,0,5e-4,0,0,0,0.0035,0.1381,0,0,0,0,0,0.2543,0,0,0.0069,0,0.0078,0.0118,0.0016,0.0817,0.1461,0,4e-4,0,0,0.058,0,0,0,0.2764,0,0,0,0,0.0079,0,0,0,0
25003,0,0,0,0,0,0,0,0,0,0,0,0,0,0,0,0,0,0,0,0,0,0,0,0,0,0,0,0,0,0,0,0.3783,0,0,0,0.6217,0,0,0,0,0,0,0,0,0
25006,0,0,0,0,0,0,0,0,0,0,0,0,0,0,0,0,0,0.1727,0,0,0,0,0,0,0,0.0546,0.1028,0,0,0,0,0,0,0,0,0.6699,0,0,0,0,0,0,0,0,0
25012,0,0,0,0,0,0,0,0,0,0,0,0,0,0,0,0,0,0.1052,0,0,0,0,0,0,0,0.3318,0.0844,0,0,0,0,0.2699,0,0,0,0.2087,0,0,0,0,0,0,0,0,0
25020,0,0.0899,0.0052,0,0,0,0.0123,0,0,0.0045,0.0234,0.6462,0,0,0,0,0,0.1995,0,0.0078,0,0,0.0048,0.0016,0,0,0,0,0.0027,0,0,0,0,0,0,0,0,0,0,0,0.002,0,0,0,0
25021,0,0.0644,0.0066,0,0,0,0.0205,0,0,0,0.0255,0.6433,0,0,0,0,0,0.2093,0,0.0157,0,0,0.002,0.0033,0,0,0,0,0.0054,0,0,0,0,0,0,0,0,0,0,0,0.0041,0,0,0,0
25029,0,0.0195,0.0029,0,0,0,0,0,0,0,0.0015,0.3934,0,0,0,0,0,0.3879,0,0,0.0035,0,0.0358,0.042,0.0022,0.0073,0.078,0,0.0048,0,0,0,0,0,0,0.0211,0,0,0,0,0,0,0,0,0
26003,0,0.0082,0,0,0,0,0,0,0,0,0,0.9234,0,0,0,0,0,0.0639,0,0,0,0,0,0,0.0045,0,0,0,0,0,0,0,0,0,0,0,0,0,0,0,0,0,0,0,0
26005,0,0.0013,0,0,0,0,0,0,0,0,0.0033,0.9598,0,0,0,0,0,0.028,0,0,0.0023,0,0.0053,0,0,0,0,0,0,0,0,0,0,0,0,0,0,0,0,0,0,0,0,0,0
26006,0,0.0011,0,0,0,0,0,0,0,0,0,0.9513,0,0,0,0,0,0.0476,0,0,0,0,0,0,0,0,0,0,0,0,0,0,0,0,0,0,0,0,0,0,0,0,0,0,0
26008,0,0.0222,0,0,0,0,2e-4,0,0,0,0,0.8858,0,0,0,0,0,0.0344,0,0,0,0,0.0098,0,0.0476,0,0,0,0,0,0,0,0,0,0,0,0,0,0,0,0,0,0,0,0
26009,0,0.0061,0.006,0,0,0,0,0,0,0,0.0085,0.9266,0,0,0,0,0,0.0476,0,0,0,0,0.0035,0.0017,0,0,0,0,0,0,0,0,0,0,0,0,0,0,0,0,0,0,0,0,0
27001,0.0019,0.0512,0.0033,0,0,0,0.0016,0,0.0021,0.0017,0.0199,0.2067,0,0,0,0,0,0.3914,0,0.0033,0,0,0.0152,0.0101,0.0067,0.0674,0.0755,0,0,0,0,0,0,0,0,0.1369,0,0,0,0,0.0053,0,0,0,0
27002,0,0.0302,0.0011,0,0,0,0.0016,0,6e-4,0,0.013,0.0537,0,0,0,0,0,0.3512,0,8e-4,0,0,0.0185,0.0234,0.0061,0.1908,0.1109,0,8e-4,0,0,0.0088,0,0,0,0.181,0,0,0,0,0.0075,0,0,0,0
27003,0.0037,0.2136,0.0323,0.0025,0,0.0012,0.0069,0.0023,6e-4,0.0172,0.0234,0.0993,0,0,0,0,0,0.3534,0,0,0.001,0,0.0228,0.006,0.0049,0.0536,0.039,0,0.002,0,0,0.0026,0,0,0.0011,0.1055,0,0,0,0,0.0051,0,0,0,0
27006,0.0085,0.1697,0.0415,0,0,0,0,9e-4,0,0.0169,0.0101,0.0393,0,0,0,0,0,0.3205,0,0,0.0116,0,0.053,0.0287,0.0051,0.0154,0.1047,0,0.0022,0,0,0,0,0,0,0.1604,0,0,0,0,0.0114,0,0,0,0
27007,0,0.0089,0.0011,0,0,0,0.0039,0,0,0,0.0098,0.1471,0,0,0,0,0,0.3445,0,0,0,0,0.0086,0.0212,0.0067,0.1168,0.1266,0,0.0016,0,0,0.0032,0,0,0,0.199,0,0,0,0,0.001,0,0,0,0
27009,3e-4,0.0196,0.0024,1e-4,0,0.0031,0.003,0,3e-4,4e-4,0.0091,0.3563,0,0,0,0,0,0.2947,0,5e-4,5e-4,0,0.0125,0.0144,0.0043,0.0632,0.0746,0,0.0011,0,0,0.001,0,0,0,0.1371,0,0,0,0,0.0015,0,0,0,0
27021,0.0061,0.2069,0.0388,7e-4,0,9e-4,0.0072,0.0062,0.0013,0.0143,0.0228,0.2935,0,0,0,0,0,0.2218,0,0.0067,0.0147,0,0.0434,0.0134,0.0033,0.0059,0.0373,0,0.0027,0,0,0,0,0,2e-4,0.0472,0,0,0,0,0.0047,0,0,0,0
27023,0.0036,0.1359,0.0042,0,0,0,0.0102,0.0068,0,0,0.0412,0.3327,0,0,0,0,0,0.3981,0,0,0.0041,0,0.0319,0.0313,0,0,0,0,0,0,0,0,0,0,0,0,0,0,0,0,0,0,0,0,0
27025,0.0065,0.2062,0.0296,0,0,0,0.0067,0.0129,0,0.015,0.0288,0.3982,0,0,0,0,0,0.1898,0,0.0236,0.0208,0,0.031,0.0034,0.0026,0.0017,0.0192,0,0,0,0,0,0,0,0,0.0017,0,0,0,0,0.0022,0,0,0,0
27026,0.0139,0.2183,0.0321,0,0,0,0,0,0,0.0149,0.0378,0.2496,0,0,0,0,0,0.3042,0,0.0089,0.0244,0,0.0382,0.0072,0.0025,0.0035,0.0408,0,0,0,0,0,0,0,0,0.0037,0,0,0,0,0,0,0,0,0
27029,0,0.0958,0.0089,0.0015,0,0,0,0,0,0.004,0.009,0.0032,0,0,0,0,0,0.3075,0,0,0,0,0.0312,0.0035,0.0121,0.1109,0.0976,0,0,0,0,0,0,0,0,0.3029,0,0,0,0,0.0118,0,0,0,0
27030,0.0024,0.1957,0.0199,0,0,0,0.0058,0.008,0.0053,0.0048,0.0317,0.4048,0,0,0,0,0,0.2452,0,0,0.0058,0,0.042,0.0139,0,0.0032,0.0056,0,0.0035,0,0,0,0,0,8e-4,0,0,0,0,0,0.0017,0,0,0,0
27032,0,0,0,0,0,0,0,0,0,0,0,0,0,0,0,0,0,0.0072,0,0,0,0,0,0,0,0.2257,0.3024,0,0,0,0,0,0,0,0,0.4648,0,0,0,0,0,0,0,0,0
27034,0,0.0031,0,0,0,0,0.0033,0,0,0,0.0041,0.01,0,0,0,0,0,0.325,0,0,0,0,0.0037,0.0168,0.0035,0.1992,0.2215,0,0.0014,0,0,0.0057,0,0,0,0.2021,0,0,0,0,6e-4,0,0,0,0
27035,0,0.0249,0.0019,0,0,0,0.0018,0,0,0,0.0098,0,0,0,0,0,0,0.6255,0,0,0,0,0.0038,0.0115,0.0021,0.1723,0.0822,0,0.003,0,0,0.0175,0,0,0,0.0415,0,0,0,0,0.0021,0,0,0,0
27038,0,0.0875,0,0,0,0,0.0034,0,0,0,0,0.825,0,0,0,0,0,0.0841,0,0,0,0,0,0,0,0,0,0,0,0,0,0,0,0,0,0,0,0,0,0,0,0,0,0,0
27041,0,0.0125,5e-4,0,0,0,0.0013,0,0,0,0.0061,0.4954,0,0,0,0,0,0.1928,0,0,0.0012,0,0.0379,0.0938,0.0114,0.0073,0.0279,0,0.0051,0,0,0,0,0,0,0.1068,0,0,0,0,0,0,0,0,0
27042,0,0.0108,0,0,0,0,0,0,0,0,0.0081,0.1413,0,0,0,0,0,0.3599,0,0,0,0,0.042,0.0053,0,0.0227,0.1247,0,0,0,0,0,0,0,0,0.2852,0,0,0,0,0,0,0,0,0
27043,0,0.0035,0,0,0,0,0.0029,0,0,0,0.001,0,0,0,0,0,0,0.2215,0,0,0,0,0.0126,0.0255,0.0044,0.3224,0.1574,0,0,0,0,0.0155,0,0,0,0.2281,0,0,0,0,0.0053,0,0,0,0
27047,0,0,0,0,0,0,0,0,0,0,0,0,0,0,0,0,0,0,0,0,0,0,0,0.1332,0,0.3933,0.3219,0,0,0,0,0,0,0,0,0.1517,0,0,0,0,0,0,0,0,0
27049,0,0.0041,0,0,0,0,0,0,0,0,0.0048,0.2425,0,0,0,0,0,0.25,0,0,0,0,0.0774,0.0893,0.0031,0.0093,0.0993,0,0.0028,0,0,0,0,0,0,0.2174,0,0,0,0,0,0,0,0,0
27051,0,0,0,0,0,0,0,0,0,0,0,0,0,0,0,0,0,0.9877,0,0,0,0,0,0.0074,0,0,0.0049,0,0,0,0,0,0,0,0,0,0,0,0,0,0,0,0,0,0
27062,0.0018,0.0491,0.0033,0,0,0,0.0015,0,0.0019,0.0016,0.0188,0.2432,0,0,0,0,0,0.3767,0,0.0031,0,0,0.0143,0.0096,0.0063,0.0636,0.0712,0,0,0,0,0,0,0,0,0.1291,0,0,0,0,0.005,0,0,0,0
27064,0,0.1062,0.0111,0,0,0,0.0113,0,0,0,0.0035,0.8103,0,0,0,0,0,0.0405,0,0,0,0,0.0171,0,0,0,0,0,0,0,0,0,0,0,0,0,0,0,0,0,0,0,0,0,0
27065,0,0.1342,0.0043,0,0,0.0042,0,0,0.0026,0.0038,0.007,0.0053,0,0,0,0,0,0.5242,0,0,0.0143,0,0.0341,0.0272,0.0061,0.0249,0.0272,0,0,0,0,0,0,0,0,0.1745,0,0,0,0,0.0062,0,0,0,0
27071,0,0.0168,0.0034,0,0,0.0037,0.0031,0,0,3e-4,0.0057,0.4033,0,0,0,0,0,0.2598,0,0,0.0011,0,0.0134,0.0136,0.0035,0.0508,0.0689,0,0.0017,0,0,4e-4,0,0,0,0.15,0,0,0,0,6e-4,0,0,0,0
27073,0,0.0247,0,0,0,0,0,0,0,0,0,0.8813,0,0,0,0,0,0.0494,0,0,0,0,0.0408,0.0037,0,0,0,0,0,0,0,0,0,0,0,0,0,0,0,0,0,0,0,0,0
27077,0.0118,0.5817,0.0816,0,0,0,0,0,0,0.054,0.0354,0,0,0,0,0,0,0.2199,0,0,0,0,0.0092,0,0,0,0,0,0.0064,0,0,0,0,0,0,0,0,0,0,0,0,0,0,0,0
27079,0.0016,0.1959,0.0288,0.0028,0,4e-4,0.0041,0.0015,3e-4,0.0156,0.0221,0.1186,0,0,0,0,0,0.3114,0,0,0.0015,0,0.0291,0.0054,0.0064,0.0453,0.0388,0,0.0024,0,0,0,0,0,0.0012,0.1582,0,0,0,0,0.0087,0,0,0,0
27080,0.0065,0.2267,0.0335,4e-4,0,0.0021,0.002,0,0,0.0208,0.0241,0.0198,0,0,0,0,0,0.4468,0,0,5e-4,0,0.0179,0.0077,0.0039,0.0704,0.0448,0,0.0015,0,0,0.0058,0,0,0.0012,0.0627,0,0,0,0,0.001,0,0,0,0
27084,0,0.0383,0,0,0,0,0,0,0,0,0,0,0,0,0,0,0,0.7125,0,0,0,0,0.0066,0.0054,0.0066,0.0688,0.0534,0,0,0,0,0,0,0,0,0.1085,0,0,0,0,0,0,0,0,0
27087,0,0.0206,0.0017,0,0,0,0.0026,0,0,0,0.0042,0.54990000000000006,0,0,0,0,0,0.1451,0,0,0.0026,0,0.0189,0.177,0.0139,0.0057,0.0081,0,0.01,0,0,0,0,0,0,0.0396,0,0,0,0,0,0,0,0,0
27089,0,0.032,0.004,4e-4,0,0,0.0015,0,5e-4,0,0.0125,0.0926,0,0,0,0,0,0.3395,0,7e-4,0,0,0.0235,0.0218,0.0057,0.1776,0.1032,0,7e-4,0,0,0.0082,0,0,0,0.1685,0,0,0,0,0.007,0,0,0,0
27090,0,0.0122,0.0012,0,0,0,0,0,0,2e-4,0.0031,0.0775,0,0,0,0,0,0.2015,0,0,0.0031,0,0.0179,0.0042,0.0044,0.1354,0.1651,0,0,0,0,0.001,0,0,0,0.3733,0,0,0,0,0,0,0,0,0
28001,0,0,0,0,0,0,0,0,0,0,0,0.0181,0,0,0,0,0,0.03,0,0,0,0,0.0166,0.1007,0,0.0831,0.2505,0,0.0025,0,0,0,0,0,0,0.4742,0,0,0,0,0.0244,0,0,0,0
28003,0.0217,0.6586,0.1202,0.0038,0,0,0,0,0.0012,0.0552,0.0357,0.0538,0,0,0,0,0,0.0238,0,0,0,0,0.0036,0,4e-4,0,0.02,0,0,0,0,0,0,0,0,0,0,0,0,0,0.0018,0,0,0,0
28008,0,0.0065,3e-4,0,0,0,0.0102,0,0,0,0.0085,0.0108,0,0,0,0,0,0.8871,0,0,0,0,0.0156,0.0012,0,0.0151,0.0258,0,0.0059,0,0,0,0,0,0,0.0054,0,0,0,0,0.0076,0,0,0,0
28009,0.0031,0.1472,0.0265,0.0016,0,0.0015,0.0082,8e-4,5e-4,0.0079,0.0233,0.3222,0,0,0,2e-4,0,0.383,0,1e-4,0.0015,0,0.0181,0.0088,0.0037,0.0068,0.0183,0,0.0014,0,0,0,0,0,0,0.0106,0,0,0,0,0.0045,0,0,0,0
28012,0.0017,0.1283,0.0265,0.0018,0,0,0.0027,0.0013,0.0012,0.007,0.0217,0.2756,0,0,0,0,0,0.468,0,0,3e-4,0,0.0207,0.0264,0.0031,0,0.0083,0,0.001,0,0,0,0,0,0,0,0,0,0,0,0.0044,0,0,0,0
28015,0.0026,0.1106,0.0075,0,0,0.0033,0.025,0.0085,6e-4,0.0047,0.017,0.6045,0,0,0,0,0,0.0438,0,0,0,0,0.029,0.0807,0.0461,0,0.0024,0,0.0104,0,0,0,0,0,0,0,0,0,0,0,0.0033,0,0,0,0
28018,0,0.0226,0.0025,0,0,0,0.0096,0,0,0,0.0102,0.045,0,0,0,0,0,0.8282,0,0,4e-4,0,0.0381,0.0021,0,0.0091,0.02,0,0.0036,0,0,0,0,0,0,0.0037,0,0,0,0,0.0049,0,0,0,0
28022,0.0028,0.1394,0.0248,0.0015,0,0.0021,0.0081,0.0011,5e-4,0.0073,0.0228,0.3581,0,0,0,2e-4,0,0.3612,0,1e-4,0.0014,0,0.0174,0.0087,0.004,0.0062,0.0166,0,0.0014,0,0,0,0,0,0,0.0097,0,0,0,1e-4,0.0046,0,0,0,0
28023,0,0.0356,0.0058,0,0,0,0.0656,0,0,0.0018,0.0067,0,0,0,0,0,0,0.7267,0,0,0,0,0.0592,0,0,0.0673,0.0085,0,0,0,0,0,0,0,0,0.0227,0,0,0,0,0,0,0,0,0
28024,9e-4,0.0279,0.0036,0,0,2e-4,0,0.0019,0,6e-4,0.0168,0.6354,0,0,0,0,0,0.308,0,0,0.0016,0,0.0012,0,0,0,0,0,0,0,0,0,0,0,0,0,0,0,0,0,0.0018,0,0,0,0
28026,0.0015,0.1321,0.0253,0,0,0,0.0132,5e-4,0.002,7e-4,0.0201,0.563,0,0,0,0,0,0.2224,0,0,3e-4,0,0.0091,0.0038,0.0017,0,0,0,0.0042,0,0,0,0,0,0,0,0,0,0,0,0,0,0,0,0
28031,0,0,0,0,0,0,0.0177,0,0,0,0.0024,0,0,0,0,0,0,0.8339,0,0,0,0,0.0247,0,0,0.0355,0.0648,0,0.0132,0,0,0,0,0,0,0.0077,0,0,0,0,0,0,0,0,0
28033,0,0,0,0,0,0,0,0,0,0,0,0,0,0,0,0,0,0.7715,0,0,0,0,0,0,0,0.0126,0.0859,0,0,0,0,0,0,0,0,0.1301,0,0,0,0,0,0,0,0,0
28039,0,0.765,0.056,0,0,0,0,0,0,0.0621,0.03,0.0297,0,0,0,0,0,0.0479,0,0,0,0,5e-4,0,0.0023,0,0,0,0,0,0,0,0,0,0,0,0,0,0,0,0.0064,0,0,0,0
28040,3e-4,0.3619,0,0,0,0,0,0.0053,0,0.0234,0.0564,0.0061,0,0,0,0,0,0.5347,0,0,0,0,0,0,0,0,0.012,0,0,0,0,0,0,0,0,0,0,0,0,0,0,0,0,0,0
28043,0,0.0124,0,0,0,0,0.0077,0.001,0,0,0.0185,0.0074,0,0,0,0,0,0.2994,0,0,0.0047,0,0.039,0.0411,0.0019,0.0895,0.2565,0,9e-4,0,0,0,0,0,0,0.2109,0,0,0,0,0.009,0,0,0,0
28044,0,0.0425,0,0,0,0,0.0139,0,0,0,0,0.788,0,0,0,0,0,0.0018,0,0,0,0,0.0566,0.0142,0.0587,0,0,0,0.0245,0,0,0,0,0,0,0,0,0,0,0,0,0,0,0,0
28046,0,0,0,0,0,0,0.0073,0,0,0,0,0.0017,0,0,0,0,0,0.9532,0,0,0,0,0.0166,0,0,0.0012,0.0079,0,0,0,0,0,0,0,0,0.012,0,0,0,0,0,0,0,0,0
28048,0,0.1108,0.0333,0,0,0,3e-4,0,0,0.0134,0.0128,0.2438,0,0,0,0,0,0.556,0,0,0.0071,0,0.0022,0.001,0.0047,0,0.0084,0,0,0,0,0,0,0,0,0,0,0,0,0,0.0061,0,0,0,0
28050,0.0015,0.1642,0.0362,0.0058,0,0,0.033,0.0148,0.0026,0.0022,0.0117,0.62,0,0,0,0,0,0.0492,0,0,0,0,0.0325,0.0071,0.0191,0,0,0,0,0,0,0,0,0,0,0,0,0,0,0,0,0,0,0,0
28052,0,0.0127,0.0199,0,0,0,0.0017,0,0,0,0.0106,0.3,0,0,0,0,0,0.6165,0,0,0,0,0.0149,0.0151,0,0,0,0,0.0086,0,0,0,0,0,0,0,0,0,0,0,0,0,0,0,0
28055,0,0.035,0,0,0,0,0.0131,0,0,0,0.0248,0.1304,0,0,0,0,0,0.7718,0,0,0,0,0.0141,4e-4,0.0049,0.0055,0,0,0,0,0,0,0,0,0,0,0,0,0,0,0,0,0,0,0
28056,0,0.1395,0.0176,0.0123,0,0,0.0189,0,0,0,0.0285,0.5047,0,0,0,0,0,0.2236,0,0,0.0086,0,0.0247,0.0047,0.0132,0,0,0,0,0,0,0,0,0,0,0,0,0,0,0,0.0038,0,0,0,0
28060,0,0.0789,0,0,0,0,0.0037,0.0299,0,0,0.046,0.6046,0,0,0,0,0,0.1193,0,0,0,0,0.0057,0.0784,0.0335,0,0,0,0,0,0,0,0,0,0,0,0,0,0,0,0,0,0,0,0
28066,0,0.6333,0.0578,0,0,0.0205,0,0,0,0.0383,0.0421,0.0961,0,0,0,0,0,0.1118,0,0,0,0,0,0,0,0,0,0,0,0,0,0,0,0,0,0,0,0,0,0,0,0,0,0,0
28067,6e-4,0.0736,0.0135,4e-4,0,0,0.0147,3e-4,0,0.0059,0.0179,0.0936,0,0,0,0,0,0.5287,0,6e-4,0.0033,0,0.0328,0.0194,0.0072,0.0363,0.0826,0,6e-4,0,0,0,0,0,0,0.0646,0,0,0,0,0.0033,0,0,0,0
28072,0,0.069,0,0,0,0,0,0,0,0,0.0195,0.8006,0,0,0,0,0,0.0842,0,0,0,0,0.0072,0.0055,0.0012,0,0,0,0.0128,0,0,0,0,0,0,0,0,0,0,0,0,0,0,0,0
28074,0.004,0.12,0.0186,0.0017,0,0.0044,0.0047,6e-4,5e-4,0.002,0.0242,0.5197,0,0,0,0,0,0.2817,0,0,0.0033,0,0.008,3e-4,0.0036,0,0,0,4e-4,0,0,0,0,0,0,0,0,0,0,0,0.0023,0,0,0,0
28080,0.0111,0.4691,0.0861,0.0051,0,0.004,0.0024,0.0014,6e-4,0.0364,0.0381,0.1988,0,0,0,0,0,0.1276,0,0,0,0,0.005,0.0014,7e-4,0,0.0102,0,0,0,0,0,0,0,0,0,0,0,0,0,0.002,0,0,0,0
28081,0.0268,0.645,0.1371,0.0033,0,0,0,0,0,0.0605,0.0215,0.0826,0,0,0,0,0,0.0179,0,0,0,0,0.0053,0,0,0,0,0,0,0,0,0,0,0,0,0,0,0,0,0,0,0,0,0,0
28082,0,0.0878,0.0097,0,0,0,0.0106,0,0,0,0.0143,0.5503,0,0,0,0,0,0.3237,0,0,0,0,0.0036,0,0,0,0,0,0,0,0,0,0,0,0,0,0,0,0,0,0,0,0,0,0
28085,0,0.0521,0.0055,5e-4,0,0,0.0157,3e-4,0,0.0043,0.015,0.0638,0,0,0,0,0,0.5629,0,7e-4,0.0037,0,0.0364,0.0218,0.0077,0.0407,0.0924,0,6e-4,0,0,0,0,0,0,0.0724,0,0,0,0,0.0037,0,0,0,0
28091,0.0015,0.1175,0.0254,0,0,0,0.0088,0.0113,0,0.0054,0.0233,0.7065,0,0,0,0,0,0.0505,0,0,0,0,0.025,0.0036,0.0198,0,0.0015,0,0,0,0,0,0,0,0,0,0,0,0,0,0,0,0,0,0
28093,0.0043,0.1203,0.0184,0.0014,0,0.0012,0.0046,7e-4,5e-4,0.0024,0.026,0.5183,0,0,0,0,0,0.2873,0,0,0.0024,0,0.0067,4e-4,0.0026,0,0,0,0,0,0,0,0,0,0,0,0,0,0,0,0.0024,0,0,0,0
28115,0.0327,0.5265,0.0954,0,0,0,0,0,0.002,0.0229,0.0173,0.2639,0,0,0,0,0,0,0,0,0,0,0,0.0229,0.0082,0,0,0,0,0,0,0,0,0,0,0,0,0,0,0,0.0085,0,0,0,0
28116,0.0064,0.1955,0.0187,0,0,0,0.0261,0.0067,0.002,0.0078,0.0296,0.5077,0,0,0,0,0,0.0157,0,0,0,0,0.0076,0.1326,0.0397,0,0,0,0.0022,0,0,0,0,0,0,0,0,0,0,0,0.0017,0,0,0,0
28117,0,0.028,0.0012,0,0,0,0.0196,5e-4,0,8e-4,0.0128,0.0076,0,0,0,0,0,0.5497,0,0,0.0027,0,0.0475,0.0299,0.0077,0.0568,0.1285,0,9e-4,0,0,0,0,0,0,0.1017,0,0,0,0,0.0041,0,0,0,0
29002,0,0,0,0,0,0,0,0,0,0,0.0091,0.9399,0,0,0,0,0,0.0366,0,0,0,0,0.0037,0,0.0107,0,0,0,0,0,0,0,0,0,0,0,0,0,0,0,0,0,0,0,0
29003,0,0.0484,0.0016,0,0,0,0,0,0,0,0.0289,0.8651,0,0,0,0,0,0.0484,0,0,0,0,0,0,0.0076,0,0,0,0,0,0,0,0,0,0,0,0,0,0,0,0,0,0,0,0
29005,0,0.0305,0,0,0,0,0,0,0,0,0.0174,0.6988,0,0,0,0,0,0.1111,0,0,0.0146,0,0,0.0653,0.0486,0,0,0,0.0138,0,0,0,0,0,0,0,0,0,0,0,0,0,0,0,0
29009,0,0,0,0,0,0,0,0,0,0,0.0119,0.9444,0,0,0,0,0,0.0406,0,0,0,0,0,0,0,0,0,0,0,0,0,0,0,0,0,0,0,0,0,0,0.0031,0,0,0,0
30001,9e-4,0.0493,0.0114,0.0023,0,0.018,0.0018,0,0,0.0022,0.0318,0.8166,0,0,0,0,0,0.0542,0,0,4e-4,0,0.0019,0,0.005,0,0.0014,0,0.003,0,0,0,0,0,0,0,0,0,0,0,0,0,0,0,0
30004,0,0.0017,0,0,0,0,0,0,0,0,0.0148,0.8704,0,0,0,0,0,0.1132,0,0,0,0,0,0,0,0,0,0,0,0,0,0,0,0,0,0,0,0,0,0,0,0,0,0,0
30005,0,0.011,6e-4,0,0,0.0431,0.0042,0,0,0,0.0278,0.8415,0,0,0,0,0,0.064,0,0,0.001,0,6e-4,0,0.0062,0,0,0,0,0,0,0,0,0,0,0,0,0,0,0,0,0,0,0,0
30011,0,0,0,0,0,0,0,0,0,0,0.0265,0.8889,0,0,0,0,0,0.0723,0,0,0,0,0.005,0,0.0073,0,0,0,0,0,0,0,0,0,0,0,0,0,0,0,0,0,0,0,0
30012,0,0.0078,0,0,0,0,0,0,0,0,0,0.8986,0,0,0,0,0,0.0784,0,0,0,0,0,0,0.0152,0,0,0,0,0,0,0,0,0,0,0,0,0,0,0,0,0,0,0,0
30014,0,0,0,0,0,0,0,0,0,0,0,0.8237,0,0,0,0,0,0.0594,0,0,0,0,0.0959,0,0.021,0,0,0,0,0,0,0,0,0,0,0,0,0,0,0,0,0,0,0,0
30015,0,0,0,0,0,0.0339,0,0,0,0,0.0538,0.8379,0,0,0,0,0,0.0644,0,0,0,0,0,0,0.0099,0,0,0,0,0,0,0,0,0,0,0,0,0,0,0,0,0,0,0,0
3003,0,0,0,0,0,0,0,0,0,0,0,0,0,0,0,0,0,0.0062,0,0,0,0,0,0.1485,0,0.0862,0.0264,0,0.0164,0,0.0011,0.0408,0,0,0,0.6657,0,0,0,0,0.0087,0,0,0,0
31002,0,0.0061,0,0,0,0.0055,0.0016,0,0,0,0.0173,0.8507,0,0,0,0,0,0.0587,0,0,0.0065,0,0.0137,0.0079,0.0301,0,0,0,0.0019,0,0,0,0,0,0,0,0,0,0,0,1e-4,0,0,0,0
31006,0,0.0381,0.0019,0,0,0.012,0.0082,0,0,0,0.0246,0.6211,0,0,0,0,0,0.1746,0,0,0.0035,0,0.0321,0,0.004,0,0,0,0,0,0,0,0,0,0,0,0,0,0,0,0.0798,0,0,0,0
31010,0,0.0067,0,0,0,0.0266,0,0,0,0,0.0167,0.6868,0,0,0,0,0,0.2483,0,0,0,0,0.0105,0,0.0044,0,0,0,0,0,0,0,0,0,0,0,0,0,0,0,0,0,0,0,0
31021,0,0.0393,0.0015,0,0,0,0,0,0,0,0.0161,0.5415,0,0,0,0,0,0.4015,0,0,0,0,0,0,0,0,0,0,0,0,0,0,0,0,0,0,0,0,0,0,0,0,0,0,0
31023,0,0,0,0,0,0.0046,0,0,0,0,0,0.7829,0,0,0,0,0,0,0,0,0,0,0,0,0.2125,0,0,0,0,0,0,0,0,0,0,0,0,0,0,0,0,0,0,0,0
31025,0,0,0,0,0,0,0,0,0,0,0,0.3983,0,0,0,0,0,0.554,0,0,0,0,0.0262,0,0.0215,0,0,0,0,0,0,0,0,0,0,0,0,0,0,0,0,0,0,0,0
32003,0,0.0281,0.0126,0,0,0,0.001,0,0.019,0,0.0172,0.6097,0,0,0,0,0,0.1455,0,0,0,0,0.1273,0.0037,0.0292,0,0,0,0.0068,0,0,0,0,0,0,0,0,0,0,0,0,0,0,0,0
32004,0,0.0972,0.0219,0,0,0,0.0014,0,0.0019,0.0042,0.0188,0.6323,0,0,0,0,0,0.2089,0,0,0,0,0.0109,0,0,0,0,0,0.0025,0,0,0,0,0,0,0,0,0,0,0,0,0,0,0,0
32006,0,0.0599,0.0116,0.0061,0,0,0,0,0,0.002,0.0346,0.5424,0,0,0,0,0,0.3367,0,0,0,0,0.0014,0,0.0035,0,0,0,0,0,0,0,0,0,0,0,0,0,0,0,0.0019,0,0,0,0
32008,0,0.0773,0.023,0.0129,0,0,0,0,0,0.0042,0.0318,0.5364,0,0,0,0,0,0.3105,0,0,0,0,0,0,0,0,0,0,0,0,0,0,0,0,0,0,0,0,0,0,0.0039,0,0,0,0
33006,0,0.0205,8e-4,0,0,0.0042,0,0,0,0,0.0034,0.6158,0,0,0,0,0,0.0867,0,0,0.024,0,0.0159,0.0744,0.0235,0.1281,0,0,0.001,0,0,0,0,0,0,0,0,0,0,0,0.0019,0,0,0,0
33007,0,0.0072,0,0,0,0,0,0,0,0,0.0189,0.8259,0,0,0,0,0,0.0896,0,0,0,0,0.0247,0.0023,0.023,0,0,0,0.0062,0,0,0,0,0,0,0,0,0,0,0,0.0021,0,0,0,0
33012,0,0.008,4e-4,0,0,0,0,0,0,0,0.0196,0.8212,0,0,0,0,0,0.0962,0,0,0,0,0.0132,0.024,0,0.0174,0,0,0,0,0,0,0,0,0,0,0,0,0,0,0,0,0,0,0
33013,0,0.028,4e-4,0,0,0.0034,0,0,0,0,0.0097,0.8254,0,0,0,0,0,0.09,0,0.0044,0.0053,0,0.0102,0.004,0.0166,0,0,0,0,0,0,0,0,0,0.0014,0,0,0,0,0,0.0013,0,0,0,0
33014,0,0.0487,0.0118,0,0,0.0107,0.0046,0,0,0.0026,0.0309,0.6792,0,0,0,0,0,0.0475,0,3e-4,0.0376,0,0.0204,0.0835,0,0.0032,0.0062,0,0.0077,0,0,0,0,0,0,0,0,0,0,0,0.0051,0,0,0,0
33018,0,0.0334,0,0,0,0,0,0,0,0,0.017,0.559,0,0,0,0,0,0.3595,0,0,0,0,0.0291,0.002,0,0,0,0,0,0,0,0,0,0,0,0,0,0,0,0,0,0,0,0,0
33019,0,0.021,0.0029,0,0,0.0023,0.0015,0.0011,0,0,0.0102,0.6767,0,0,0,0,0,0.10780000000000001,0,0,0.0529,0,0.0275,0.0589,0.0132,0.0218,0,0,0.0022,0,0,0,0,0,0,0,0,0,0,0,0,0,0,0,0
33020,0,0.0195,0.013,0.0013,0,0.0099,0,0,0,0.0017,0.0017,0.8528,0,0,0,0,0,0.0901,0,0,0,0,0.004,0.0027,0.0013,0,0,0,0,0,0,0,0,0,0,0,0,0,0,0,0.0018,0,0,0,0
33021,0,0.0446,0.0111,0,0,0.0034,0.0032,0,0,0,0.0258,0.85,0,0,0,0,0,0.0515,0,0,0.007,0,0.0034,0,0,0,0,0,0,0,0,0,0,0,0,0,0,0,0,0,0,0,0,0,0
33022,8e-4,0.0895,0.0098,0,0,0,0.0038,0,0,0.0013,0.0196,0.6835,0,0,0,0,0,0.1197,0,0,0.0132,0,0.0138,0.0271,0.014,0.0024,6e-4,0,0,0,0,0,0,0,0,0,0,0,0,0,0.001,0,0,0,0
33023,0,0.0113,0.0029,0,0,0,0,0,0,0,0.0146,0.7372,0,0,0,0,0,0.1994,0,0,0.0121,0,0.012,0,0.0105,0,0,0,0,0,0,0,0,0,0,0,0,0,0,0,0,0,0,0,0
33024,0,0.0437,0.0073,0,0,0.0012,0,0,0,0,0.014,0.8299,0,0,0,0,0,0.0525,0,0,0.0208,0,0.0225,0.0025,0.0055,0,0,0,0,0,0,0,0,0,0,0,0,0,0,0,0,0,0,0,0
33026,0.001,0.0754,0.0148,0,0,0.0023,0.0044,0.0013,0.0017,0.0053,0.0281,0.6156,0,0,0,0,0,0.2057,0,0,0.0036,0,0.0185,0.0103,0.0054,0.0015,1e-4,0,7e-4,0,0,0,0,0,1e-4,0,0,0,0,0,0.0042,0,0,0,0
33028,0,0.0774,0.0123,0,0,0,0,0,0,0,0.0411,0.5718,0,0,0,0,0,0.1746,0,0,0.0044,0,0.0099,0.0648,0.0307,0.0108,0,0,0,0,0,0,0,0,0,0,0,0,0,0,0.0021,0,0,0,0
33029,0,0.0085,0,0,0,0.0375,0.001,0,0,0,0.0198,0.7762,0,0,0,0,0,0.0418,0,0,0,0,0.0285,0.0751,1e-4,0,0,0,0.0114,0,0,0,0,0,0,0,0,0,0,0,0,0,0,0,0
33031,0,0.0702,0.0314,0,0,0.0194,0,0,0.0225,1e-4,0.1205,0.4641,0,0,0,0,0,0.1642,0,0,0,0,0.0629,0.0362,3e-4,0,0,0,0.0081,0,0,0,0,0,0,0,0,0,0,0,0,0,0,0,0
33032,0,0.0052,0,0,0,0,5e-4,0,0,0,0.0242,0.871,0,0,0,0,0,0.055,0,0,0,0,0.0238,0,0.0203,0,0,0,0,0,0,0,0,0,0,0,0,0,0,0,0,0,0,0,0
33033,0.0039,0.1248,0.0085,0,0,0,0.0036,0,0,0.003,0.0148,0.6734,0,0,0,0,0,0.1176,0,0,0.0192,0,0.008,0.018,0.0023,0,0.0029,0,0,0,0,0,0,0,0,0,0,0,0,0,0,0,0,0,0
33034,0,0.0227,0.0037,0,0,0.0019,9e-4,5e-4,0,5e-4,0.0098,0.7021,0,0,0,0,0,0.1087,0,0.0012,0.0306,0,0.0183,0.0676,0.0171,0.0096,0.0014,0,0.0026,0,0,0,0,0,4e-4,0,0,0,0,0,4e-4,0,0,0,0
33035,6e-4,0.0396,0.0063,1e-4,0,0.007,0.0015,4e-4,2e-4,0.001,0.0147,0.7273,0,0,0,0,0,0.0906,0,4e-4,0.0193,0,0.0121,0.0526,0.0072,0.0123,0.0011,0,0.003,0,0,0,0,0,0.0019,0,0,0,0,0,7e-4,0,0,0,0
33039,0.0013,0.0787,0.0185,0,0,0.0032,0.0052,0.002,0.0021,0.0065,0.0314,0.5533,0,0,0,0,0,0.2612,0,0,0.0012,0,0.0215,0.0046,0.0037,0,0,0,0.001,0,0,0,0,0,2e-4,0,0,0,0,0,0.0043,0,0,0,0
33053,0,0.0225,0.0038,0,0,0,0,0,0,0,0.0045,0.8737,0,0,0,0,0,0.0743,0,0,0.0027,0,0.0086,0,0.0099,0,0,0,0,0,0,0,0,0,0,0,0,0,0,0,0,0,0,0,0
33054,0,0,0,0,0,0,0,0,0,0,0.0192,0.8462,0,0,0,0,0,0.0754,0,0,0,0,0.0187,0.0317,0.0089,0,0,0,0,0,0,0,0,0,0,0,0,0,0,0,0,0,0,0,0
33058,0,0.0667,0.0098,0,0,0,0.014,0,0.0042,0,0.0183,0.5043,0,0,0,0,0,0.3529,0,0,0.0047,0,0.015,5e-4,0.0066,0,0,0,0.0016,0,0,0,0,0,0,0,0,0,0,0,0.0015,0,0,0,0
34002,0,0.0212,0.0029,0,0,8e-4,0,0,0,0,0.0019,0.7777,0,0,0,0,0,0.163,0,0,0.0201,0,0.0057,0,0.0067,0,0,0,0,0,0,0,0,0,0,0,0,0,0,0,0,0,0,0,0
34003,0,0.0079,0,0,0,0,0,0,0,0,0.0211,0.7725,0,0,0,0,0,0.1244,0,0,0,0,0.047,0.0112,0.0159,0,0,0,0,0,0,0,0,0,0,0,0,0,0,0,0,0,0,0,0
34004,0,0.0231,0.005,0,0,0.0098,0.0037,0,0,0,0.0113,0.7547,0,0,0,0,0,0.1329,0,0,0,0,0.0289,0.0109,0.0124,8e-4,0,0,0,0,0,0,0,0,0.0018,0,0,0,0,0,0.0046,0,0,0,0
34005,0,0.0616,0.0133,0,0,0,0.0123,0,3e-4,0,0.0114,0.6778,0,0,0,0,0,0.1859,0,0,0,0,0.0222,0,0.0153,0,0,0,0,0,0,0,0,0,0,0,0,0,0,0,0,0,0,0,0
34006,0,0.0163,0.0034,0,0,5e-4,0.003,0,0,0,0.0043,0.8571,0,0,0,0,0,0.0889,0,0,0.0236,0,8e-4,0,0.0021,0,0,0,0,0,0,0,0,0,0,0,0,0,0,0,0,0,0,0,0
34007,0,0.0124,0.0072,0,0,0,0,0,0,0,0.0042,0.8925,0,0,0,0,0,0.0532,0,0,0.023,0,0.0019,0,0.0056,0,0,0,0,0,0,0,0,0,0,0,0,0,0,0,0,0,0,0,0
34008,0,0.1049,0.0056,0,0,0,0,0,0,0,2e-4,0.7099,0,0,0,0,0,0.1391,0,0,0,0,0.0151,0.0194,0.0059,0,0,0,0,0,0,0,0,0,0,0,0,0,0,0,0,0,0,0,0
34010,0,0.0275,0.0019,0,0,0.0011,0.0075,0,0,0,0.0069,0.8169,0,0,0,0,0,0.1005,0,0,0.0378,0,0,0,0,0,0,0,0,0,0,0,0,0,0,0,0,0,0,0,0,0,0,0,0
34011,0,0.0119,0.0102,0,0,0.0336,0.0028,0,0,0,0.0162,0.8158,0,0,0,0,0,0.08,0,0,0,0,0.0211,0.0084,0,1e-4,0,0,0,0,0,0,0,0,0,0,0,0,0,0,0,0,0,0,0
34012,0,0.0073,0.0024,0,0,0.0098,0,0,0,0,0,0.8894,0,0,0,0,0,0.0795,0,0,0,0,0.0117,0,0,0,0,0,0,0,0,0,0,0,0,0,0,0,0,0,0,0,0,0,0
35003,0,0,0,0,0,0,0,0,0,0,0.0069,0.8767,0,0,0,0,0,0.1031,0,0,0,0,0.0067,0.0067,0,0,0,0,0,0,0,0,0,0,0,0,0,0,0,0,0,0,0,0,0
35008,0,0.0378,0.0064,0,0,0,0,0,0,0,0.0085,0.8733,0,0,0,0,0,0.0514,0,0.001,0,0,0.0131,0.0031,0.0053,0,0,0,0,0,0,0,0,0,0,0,0,0,0,0,0,0,0,0,0
36003,0,0.0148,0,0,0,0,0,0,0,0,0.0099,0.8658,0,0,0,0,0,0.088,0,0,0.007,0,0.0144,0,0,0,0,0,0,0,0,0,0,0,0,0,0,0,0,0,0,0,0,0,0
36006,5e-4,0.0279,0.0038,0,0,0,0,0,4e-4,5e-4,0.0039,0.8213,0,0,0,0,0,0.1111,0,0.0035,0.0108,0,0.0086,0.0015,0.0062,0,0,0,0,0,0,0,0,0,0,0,0,0,0,0,0,0,0,0,0
36009,0,0,0,0,0,0,0,0,0,0,0.0035,0.9547,0,0,0,0,0,0.0375,0,0,0,0,0.0043,0,0,0,0,0,0,0,0,0,0,0,0,0,0,0,0,0,0,0,0,0,0
36010,0,0.017,0,0,0,0,0,0,0,0,0,0.9479,0,0,0,0,0,0.0203,0,0,0,0,0,0,0.0148,0,0,0,0,0,0,0,0,0,0,0,0,0,0,0,0,0,0,0,0
36011,0.009,0.1485,0.0406,0,0,0,0,0,0.0073,0.0076,0.0169,0.7383,0,0,0,0,0,0.0181,0,0,3e-4,0,0.0134,0,0,0,0,0,0,0,0,0,0,0,0,0,0,0,0,0,0,0,0,0,0
36012,0,0.0067,4e-4,0,0,0,0,0,0,0,0,0.8217,0,0,0,0,0,0.1086,0,0,0.0281,0,0.0151,0.0112,0.0082,0,0,0,0,0,0,0,0,0,0,0,0,0,0,0,0,0,0,0,0
37001,0.001,0.0895,0.0033,0.005,0,0.007,0,0,0.0022,0.0063,0.0283,0.6827,0,0,0,0,0,0.1243,0,0,0,0,0.034,0.0144,0,0.002,0,0,0,0,0,0,0,0,0,0,0,0,0,0,0,0,0,0,0
37003,0,0.0144,0,0,0,0,0,0,0,0.0035,0.0096,0.8472,0,0,0,0,0,0.108,0,0,0,0,0.0172,0,0,0,0,0,0,0,0,0,0,0,0,0,0,0,0,0,0,0,0,0,0
37005,0,0.0317,0.0017,0,0,0.0103,0,0,0,0,0.0135,0.7744,0,0,0,0,0,0.1317,0,0,0.0106,0,0.0202,0.0011,0.0046,0,0,0,0,0,0,0,0,0,0,0,0,0,0,0,0,0,0,0,0
37008,0,0.0546,0.0019,0,0,0,0,0,0.0017,0,0.0088,0.8522,0,0,0,0,0,0.0708,0,0,0.0036,0,0.003,0.0011,0.0023,0,0,0,0,0,0,0,0,0,0,0,0,0,0,0,0,0,0,0,0
37009,0,0.127,0.0146,0,0,0,0,0,0,0,0,0.772,0,0,0,0,0,0.0864,0,0,0,0,0,0,0,0,0,0,0,0,0,0,0,0,0,0,0,0,0,0,0,0,0,0,0
37010,0,0.0336,0.0051,0,0,0.0011,0,0,0,0.001,0.0081,0.8318,0,0,0,0,0,0.0757,0,0,0.0219,0,0.0116,0.0016,0.0084,0,0,0,0,0,0,0,0,0,0,0,0,0,0,0,0,0,0,0,0
37011,0,0.0089,0,0,0,0,0,0,0.0023,0,0,0.9147,0,0,0,0,0,0.0631,0,0,0,0,0.0021,0.0029,0.006,0,0,0,0,0,0,0,0,0,0,0,0,0,0,0,0,0,0,0,0
37018,0.0163,0.2329,0.0156,0.0058,0,0,0,0,0,0.0165,0.0636,0.2682,0,0,0,0.01,0,0.3149,0,0,0.0025,0,0.0456,0,0.008,0,0,0,0,0,0,0,0,0,0,0,0,0,0,0,0,0,0,0,0
37019,0.014,0.4713,0.0219,0,0,0,0,0,0,0.0476,0.0633,0.1297,0,0,0,0,0,0.1986,0,0,0.0266,0,0.0272,0,0,0,0,0,0,0,0,0,0,0,0,0,0,0,0,0,0,0,0,0,0
37020,0,0.0294,0,0,0,0,0,0,0.0025,0,0,0.8853,0,0,0,0,0,0.0686,0,0,0.0051,0,0.0043,0.0016,0.0033,0,0,0,0,0,0,0,0,0,0,0,0,0,0,0,0,0,0,0,0
37031,0.0014,0.387,0.0695,0,0,0,0,0,0,0.0386,0.0373,0.2814,0,0,0,0,0,0.1459,0,0,0,0,0.0388,0,0,0,0,0,0,0,0,0,0,0,0,0,0,0,0,0,0,0,0,0,0
37033,0,0.6355,0.0711,0,0,0,0,0,0,0.1543,0.0183,0.0061,0,0,0,0,0,0.0152,0,0,0,0,0.0995,0,0,0,0,0,0,0,0,0,0,0,0,0,0,0,0,0,0,0,0,0,0
38001,0.0034,0.121,0.0147,9e-4,0,0.0115,0.0016,0.0017,0,0.0073,0.0294,0.6042,0,0,0,0,0,0.1059,0,0,0.053,0,0.03,0.0043,0.01,5e-4,0,0,0,0,0,0,0,0,0,0,0,0,0,0,7e-4,0,0,0,0
38003,0.0033,0.1083,0.0057,0,0,0.015,0,0,0,0,0.0073,0.6,0,0,0,0,0,0.1298,0,0,0.0784,0,0.0305,0.0086,0.013,0,0,0,0,0,0,0,0,0,0,0,0,0,0,0,0,0,0,0,0
38004,0,0.02,0,0,0,0,0,0,0,0,0.0234,0.8136,0,0,0,0,0,0.1058,0,0,0.0126,0,0.0212,0,0.0034,0,0,0,0,0,0,0,0,0,0,0,0,0,0,0,0,0,0,0,0
38007,0,0.4552,0.0603,0,0,0,0,0,0,0.122,0.0121,0.1986,0,0,0,0,0,0.0815,0,0,0.04,0,0.0135,0.0169,0,0,0,0,0,0,0,0,0,0,0,0,0,0,0,0,0,0,0,0,0
38012,0.0184,0.4191,0.0734,0,0,0,0,0,0,0.0383,0.0887,0.2104,0,0,0,0,0,0.0856,0,0,0.0096,0,0.0482,0,0.0082,0,0,0,0,0,0,0,0,0,0,0,0,0,0,0,0,0,0,0,0
38014,0.0114,0.3948,0,0,0,0,0,0,0,0.077,0.1014,0.3144,0,0,0,0,0,0.063,0,0,0,0,0.038,0,0,0,0,0,0,0,0,0,0,0,0,0,0,0,0,0,0,0,0,0,0
38017,0,0.0122,0,0,0,0,0,0,0,0,0.0029,0.7847,0,0,0,0,0,0.1497,0,0,0.0065,0,0.0026,0.0292,0.0122,0,0,0,0,0,0,0,0,0,0,0,0,0,0,0,0,0,0,0,0
38018,0.0086,0.2975,0.0396,0.0037,0,0.0078,0.005,0,0,0.0165,0.0724,0.3219,0,0,0,0,0,0.0728,0,0,0.0851,0,0.0265,0.0184,0.0224,0,0,0,0,0,0,0,0,0,0,0,0,0,0,0,0.0018,0,0,0,0
38021,0,0.1071,0.0253,0,0,0,0,0,0,0,0.0523,0.2887,0,0,0,0,0,0.2976,0,0,0.0584,0,0.1527,0,0.0094,0,0,0,0.0084,0,0,0,0,0,0,0,0,0,0,0,0,0,0,0,0
38026,0,0.0208,0,0,0,0.0914,0,0,0,0,0.0189,0.7871,0,0,0,0,0,0.0348,0,0,0,0,0.0373,0,0,0.0097,0,0,0,0,0,0,0,0,0,0,0,0,0,0,0,0,0,0,0
38029,0,0.0097,0,0,0,0,0,0,0,0,0.0222,0.835,0,0,0,0,0,0.1123,0,0,0.0016,0,0.0099,0,0.0093,0,0,0,0,0,0,0,0,0,0,0,0,0,0,0,0,0,0,0,0
38030,0.0046,0.1111,0.017,0,0,0,2e-4,0,0,0.0078,0.0336,0.607,0,0,0,0,0,0.1054,0,0,0.0702,0,0.0272,0,0.016,0,0,0,0,0,0,0,0,0,0,0,0,0,0,0,0,0,0,0,0
39001,0.0021,0.1124,0.0118,0.001,0,0.0058,0.0051,0,7e-4,0.0058,0.034,0.4167,0,0,0,5e-4,0,0.2968,0,1e-4,0.0038,0,0.0595,0.0136,0.018,5e-4,0.0052,0,0.0011,0,0,0,0,0,3e-4,0,0,0,0,0,0.0051,0,0,0,0
39002,0.0012,0.0524,0.0119,2e-4,0,0.0074,0.0075,0,0.0012,0.0012,0.0172,0.5504,0,0,0,1e-4,0,0.3097,0,2e-4,0.0023,0,0.02,5e-4,0.0096,3e-4,1e-4,0,9e-4,0,0,0,0,0,5e-4,0,0,0,0,0,0.0051,0,0,0,0
39004,0.0081,0.3838,0.0238,0.0023,0,0.0079,0,0,0,0.0472,0.0635,0.1269,0,0,0,0,0,0.2119,0,0,0.0062,0,0.0959,0,0.0174,0,0.0051,0,0,0,0,0,0,0,0,0,0,0,0,0,0,0,0,0,0
39005,0.0147,0.7565,0.0218,0,0,0,0,0,0,0.1133,0.0656,0,0,0,0,0,0,0.0096,0,0,0,0,0.0185,0,0,0,0,0,0,0,0,0,0,0,0,0,0,0,0,0,0,0,0,0,0
39006,0,0.0302,0.0027,0,0,0.0054,0.0151,0,0,0,0.0152,0.5635,0,0,0,0,0,0.3293,0,0,0.0037,0,0.024,8e-4,0.0077,0,0,0,0.0015,0,0,0,0,0,0,0,0,0,0,0,0.001,0,0,0,0
39007,0.0043,0.2067,0.0165,0,0,0.018,0.009,0,0,0.0134,0.0253,0.2621,0,0,0,0,0,0.2018,0,0,0,0,0.1218,0.0671,0.0099,0,0.0319,0,0.0059,0,0,0,0,0,0.0038,0,0,0,0,0,0.0024,0,0,0,0
39008,8e-4,0.0476,0.0088,0,0,0.0086,0.0104,0,0.0024,0.0021,0.0147,0.5488,0,0,0,0,0,0.3059,0,5e-4,0.0033,0,0.0203,4e-4,0.0139,0,2e-4,0,7e-4,0,0,0,0,0,0,0,0,0,0,0,0.0105,0,0,0,0
39010,0.0033,0.1926,0.0189,0.0022,0,0.0041,0.0016,0,0.0019,0.0037,0.0544,0.3563,0,0,0,0,0,0.2729,0,0,0.0113,0,0.0519,0.0133,0.0067,0,0,0,0,0,0,0,0,0,0,0,0,0,0,0,0.0051,0,0,0,0
39011,0,0.1,0.0037,0.0012,0,0.0035,0.0014,0,0,0.0026,0.0187,0.331,0,0,0,0,0,0.287,0,0,0.0018,0,0.0692,0.0554,0.0981,0,0.0228,0,0.003,0,0,0,0,0,0,0,0,0,0,0,7e-4,0,0,0,0
39012,0.0062,0.4944,0.0337,0,0,0,0,0,0,0.0691,0.124,0.0758,0,0,0,0,0,0.1381,0,0,0,0,0.0586,0,0,0,0,0,0,0,0,0,0,0,0,0,0,0,0,0,0,0,0,0,0
39014,0.0055,0.1499,0.0174,0.002,0,0.0105,0.0042,0,0.0051,0,0.0387,0.538,0,0,0,0,0,0.1719,0,0,0.0094,0,0.0037,0.0338,0.0097,0,0,0,0,0,0,0,0,0,0,0,0,0,0,0,0,0,0,0,0
39015,0,0.0491,0,0,0,0.0234,0,0,0,0,0.0021,0.713,0,0,0,0,0,0.1164,0,0,0,0,0.0749,4e-4,0.0206,0,0,0,0,0,0,0,0,0,0,0,0,0,0,0,0,0,0,0,0
39016,6e-4,0.0283,0.0042,8e-4,0,0.005,0.0041,0,0,9e-4,0.0236,0.5803,0,0,0,0,0,0.2629,0,0,0.0049,0,0.0629,0.0047,0.011,0.0041,3e-4,0,8e-4,0,0,0,0,0,0,0,0,0,0,0,6e-4,0,0,0,0
39017,0,0.0216,0,0,0,0,0.0569,0,0.0085,0,0,0.3095,0,0,0,0,0,0.4558,0,0,0,0,0.1218,0,0.0259,0,0,0,0,0,0,0,0,0,0,0,0,0,0,0,0,0,0,0,0
39019,0,0.0121,0,0,0,0,0,0,0,0,0.0228,0.6892,0,0,0,0,0,0.2304,0,0,0,0,0.0331,0,0.011,0,0.0012,0,0,0,0,0,0,0,0,0,0,0,0,0,0,0,0,0,0
39020,0,0.0131,0,0,0,0,0,0,0,0,0.0075,0.5173,0,0,0,0,0,0.3912,0,0,0,0,0.0381,0,0.0323,5e-4,0,0,0,0,0,0,0,0,0,0,0,0,0,0,0,0,0,0,0
39021,0.0011,0.0376,0.0099,0,0,0.0023,0,0,0,0.0012,0.0107,0.6016,0,0,0,0,0,0.3315,0,0,0,0,0.0032,0,0,0,0,0,3e-4,0,0,0,0,0,0,0,0,0,0,0,6e-4,0,0,0,0
39022,0.0034,0.147,0.0222,0,0,0,0,0,0,0.0041,0.0468,0.5364,0,0,0,0,0,0.1658,0,0,0,0,0.059,0.0055,0.01,0,0,0,0,0,0,0,0,0,0,0,0,0,0,0,0,0,0,0,0
39023,0.0097,0.2015,0.0077,0,0,0,0,0,0,0.0069,0.0191,0.3114,0,0,0,0,0,0.2914,0,0,0.0156,0,0.111,0,0.0258,0,0,0,0,0,0,0,0,0,0,0,0,0,0,0,0,0,0,0,0
39025,0,0.0288,0.0013,0,0,0.0177,0,0,0,1e-4,0.0319,0.399,0,0,0,0,0,0.3745,0,0,0,0,0.094,0.0059,0.0468,0,0,0,0,0,0,0,0,0,0,0,0,0,0,0,0,0,0,0,0
39027,0,0.0171,0,0,0,0,0,0,0,0,0.0042,0.5977,0,0,0,0,0,0.244,0,0,0,0,0.0939,0.0129,0.0304,0,0,0,0,0,0,0,0,0,0,0,0,0,0,0,0,0,0,0,0
39028,0,0.0074,0,0,0,0,0,0,0,0,0.0196,0.6189,0,0,0,0,0,0.1216,0,0,0.0349,0,0.1819,0.0157,0,0,0,0,0,0,0,0,0,0,0,0,0,0,0,0,0,0,0,0,0
39029,0,0.0638,0,0,0,0,0,0.008,0,0,0.0112,0.1314,0,0,0,0,0,0.3362,0,0,0,0,0.2511,0.16,0.0345,0,0,0,0.0037,0,0,0,0,0,0,0,0,0,0,0,0,0,0,0,0
39034,0,0.0254,0.0033,0,0,0.0045,0,0,0,0,0.0364,0.5931,0,0,0,0,0,0.2878,0,0,0,0,0.0397,7e-4,0.0069,0,0,0,0.0011,0,0,0,0,0,0,0,0,0,0,0,0.0011,0,0,0,0
39035,0.005,0.033,0.0027,0,0,0,0.0024,0,0,0,0.0272,0.4757,0,0,0,0,0,0.293,0,0,0.0319,0,0.068,0,0.0435,0,0.0024,0,0.005,0,0,0,0,0,0,0,0,0,0,0,0.0101,0,0,0,0
39036,0,0.0529,0,0,0,0,0,0,0,0,0,0.0828,0,0,0,0,0,0.3991,0,0,0,0,0.0654,0.3724,0.0274,0,0,0,0,0,0,0,0,0,0,0,0,0,0,0,0,0,0,0,0
39037,0,0.0071,0,0,0,0.0012,0,0,0,0,3e-4,0.7281,0,0,0,0,0,0.2037,0,0,0,0,0.0282,0,0,0.0314,0,0,0,0,0,0,0,0,0,0,0,0,0,0,0,0,0,0,0
39042,0,0.0144,0,0,0,0,0,0,0,0,0.0122,0.7505,0,0,0,0,0,0.2119,0,0,0,0,0,0,3e-4,0,0,0,0,0,0,0,0,0,0,0,0,0,0,0,0.0107,0,0,0,0
39049,0.0096,0.6356,0.0347,0,0,0,0,0,0,0.0434,0.0244,0.0363,0,0,0,0,0,0.128,0,0,0,0,0.0878,0,0,0,0,0,0,0,0,0,0,0,0,0,0,0,0,0,0,0,0,0,0
39052,0,0.3726,0.0372,0,0,0,0,0,0.011,0.0488,0.0462,0.039,0,0,0,0,0,0.2901,0,0,0,0,0.0424,0.1105,0,0,0,0,0.0024,0,0,0,0,0,0,0,0,0,0,0,0,0,0,0,0
39054,9e-4,0.2491,0,0,0,0,0.0074,0,0,0.0352,0.0546,0.1593,0,0,0,0,0,0.3593,0,0,0,0,0.0802,0.0367,0.0173,0,0,0,0,0,0,0,0,0,0,0,0,0,0,0,0,0,0,0,0
39056,0.0055,0.4959,0.0126,0,0,0.0071,0.0039,0,0,0.0567,0.0801,0.1086,0,0,0,0,0,0.1718,0,0,0,0,0.0579,0,0,0,0,0,0,0,0,0,0,0,0,0,0,0,0,0,0,0,0,0,0
39061,0,0,0,0,0,0,0,0,0,0,0,0.5367,0,0,0,0,0,0.4633,0,0,0,0,0,0,0,0,0,0,0,0,0,0,0,0,0,0,0,0,0,0,0,0,0,0,0
39065,0,0.0226,0,0,0,0,0.0042,0,0,0,0.0602,0.6982,0,0,0,0,0,0.0836,0,0,0,0,0.0844,0,0.0268,0,0,0,0.0201,0,0,0,0,0,0,0,0,0,0,0,0,0,0,0,0
39069,0.0092,0.2038,0.0196,0,0,0.0501,0.0016,0,0,0.0194,0.0247,0.1148,0,0,0,0,0,0.39,0,0,0,0,0.0625,0.0231,0.0812,0,0,0,0,0,0,0,0,0,0,0,0,0,0,0,0,0,0,0,0
39072,0.0017,0.0797,0.0108,5e-4,0,0.006,0.0061,0,7e-4,0.0024,0.0231,0.4962,0,0,0,3e-4,0,0.2966,0,1e-4,0.0026,0,0.0468,0.0078,0.0108,8e-4,0.0018,0,0.0011,0,0,0,0,0,4e-4,0,0,0,0,0,0.0037,0,0,0,0
39078,0,0.0442,0.0031,0,0,0.0072,0,0,0,0,0.0121,0.5596,0,0,0,0,0,0.2999,0,0,0,0,0.0364,0.0046,0.0329,0,2e-4,0,0,0,0,0,0,0,0,0,0,0,0,0,0,0,0,0,0
39081,0,0.0425,0,0,0,0,0.0017,0,0,0,0.0147,0.6687,0,0,0,0,0,0.2558,0,0,8e-4,0,0.0086,0.0015,0.0059,0,0,0,0,0,0,0,0,0,0,0,0,0,0,0,0,0,0,0,0
39087,0.0076,0.2794,0.0784,0,0,0.01,0.0076,0,0.0297,0.03,0.017,0.1228,0,0,0,0,0,0.408,0,0,0,0,0.0094,0,0,0,0,0,0,0,0,0,0,0,0,0,0,0,0,0,0,0,0,0,0
39088,0.004,0.0988,0.0037,0,0,0,0,0,0,0.0034,0.013,0.326,0,0,0,0,0,0.4727,0,0,0,0,0.0739,0,0.0044,0,0,0,0,0,0,0,0,0,0,0,0,0,0,0,0,0,0,0,0
39095,0,0.7025,0.0015,0,0,0,0,0,0,0.1905,0.0659,0,0,0,0,0,0,0.0359,0,0,0,0,0.0036,0,0,0,0,0,0,0,0,0,0,0,0,0,0,0,0,0,0,0,0,0,0
39099,0,0.013,0,0,0,0,0,0,0,0,0.0043,0.7346,0,0,0,0,0,0.2383,0,0,0,0,0.0071,0,0.0025,0,0,0,0,0,0,0,0,0,0,0,0,0,0,0,0,0,0,0,0
39101,0,0.0186,0,0,0,0,0,0,0,0,0,0.7659,0,0,0,0,0,0.2111,0,0,0,0,0.0043,0,0,0,0,0,0,0,0,0,0,0,0,0,0,0,0,0,0,0,0,0,0
39105,0.001,0.074,0.0053,0.0011,0,0,0.0024,0,6e-4,0,0.0208,0.3917,0,0,0,0,0,0.4603,0,0,0,0,0.0274,0.0049,0.0078,0,0,0,7e-4,0,0,0,0,0,0,0,0,0,0,0,0.0019,0,0,0,0
39108,0,0,0,0,0,0,0,0,0,0,0.0202,0.4378,0,0,0,0,0,0.3038,0,0,0.0303,0,0.1329,0,0.059,0,0.0051,0,0.0108,0,0,0,0,0,0,0,0,0,0,0,0,0,0,0,0
39114,0,0.0105,0,0,0,0,0,0,0,0,0,0.8126,0,0,0,0,0,0.1364,0,0,0,0,0.0326,1e-4,0.0078,0,0,0,0,0,0,0,0,0,0,0,0,0,0,0,0,0,0,0,0
39120,0,0.0265,0,0,0,0,0,0,0,0,0.0188,0.5257,0,0,0,0,0,0.3501,0,0,0,0,0.0205,0,0.0584,0,0,0,0,0,0,0,0,0,0,0,0,0,0,0,0,0,0,0,0
39125,0,0.0592,0,0.0043,0,0,0.009,0,0,0,0.0243,0.6114,0,0,0,0,0,0.2196,0,0,0.0203,0,0,0.0519,0,0,0,0,0,0,0,0,0,0,0,0,0,0,0,0,0,0,0,0,0
39127,0,0.0662,0,0,0,0,0,0,0,0,0.0214,0.4149,0,0,0,0,0,0.361,0,0,0,0,0.0911,0,0.0455,0,0,0,0,0,0,0,0,0,0,0,0,0,0,0,0,0,0,0,0
39141,1e-4,0.0903,0.0034,7e-4,0,0.0043,0.0013,7e-4,0,0.0023,0.026,0.2432,0,0,0,0.0041,0,0.3373,0,0,0.0015,0,0.1131,0.0581,0.085,0,0.0258,0,0.002,0,0,0,0,0,0,0,0,0,0,0,9e-4,0,0,0,0
39142,0,2e-4,0,0,0,0,0,0,0,0,0.0294,0.5978,0,0,0,0,0,0.3196,0,0,0.0104,0,0.0098,0,0.0328,0,0,0,0,0,0,0,0,0,0,0,0,0,0,0,0,0,0,0,0
39143,0,0.0073,0,0,0,0,0.0074,0,0,0,0.0113,0.4463,0,0,0,0,0,0.4655,0,0,0,0,0.0424,0.0031,0.0069,0,0,0,0.0059,0,0,0,0,0,0,0,0,0,0,0,0.0039,0,0,0,0
39144,0,0.0259,0,0,0,0,0,0,0,0,0.0114,0.6321,0,0,0,0,0,0.3306,0,0,0,0,0,0,0,0,0,0,0,0,0,0,0,0,0,0,0,0,0,0,0,0,0,0,0
40003,8e-4,0.0637,0.0022,0,0,0,0.0013,0,0,3e-4,0.0193,0.2861,0,0,0,0.0248,0,0.4528,0,0,0.0027,0,0.0707,0.0087,0.0487,0,0.0114,0,0.001,0,0,0,0,0,0,0,0,0,0,0,0.0055,0,0,0,0
40004,0,0.0218,0,0,0,0,0,0,0,0,0.0057,0.1115,0,0,0,0,0,0.6711,0,0,0,0,0.10780000000000001,0.0147,0.0643,0,0,0,0,0,0,0,0,0,0,0,0,0,0,0,0.003,0,0,0,0
40005,0,0.0229,0,0,0,0,0.001,0,0,0,0.0155,0.3818,0,0,0,0.0017,0,0.4881,0,0,0,0,0.0444,0.0018,0.0407,0,0,0,0,0,0,0,0,0,0,0,0,0,0,0,0.0021,0,0,0,0
40006,0,0.0979,0,0,0,0,0.0137,0,0,0,0.0121,0.3393,0,0,0,0.0081,0,0.3655,0,0,0,0,0.1163,0.0042,0.0429,0,0,0,0,0,0,0,0,0,0,0,0,0,0,0,0,0,0,0,0
40007,0.0012,0.0841,0.0011,0,0,0,0,0,0,6e-4,0.0143,0.1604,0,0,0,0,0,0.4626,0,0,0.0012,0,0.054,0.0274,0.1266,0,0.0569,0,0.0052,0,0,0,0,0,0,0,0,0,0,0,0.0044,0,0,0,0
40009,0,0.0241,0,0,0,0,0,0,0,0.0015,0.0233,0.1993,0,0,0,0.0236,0,0.5052,0,0,0.0024,0,0.1369,0.0248,0.0368,0,0,0,0,0,0,0,0,0,0,0,0,0,0,0,0.0223,0,0,0,0
4001,0,5e-4,0,0,0,0,0,0,0,0,0,0.0038,0,0,0,0,0,0.0244,0,0,0.0017,0,0.0036,0.0985,0.0073,0.0815,0.113,0,0.0404,0,0.0029,0.0937,0,0,0.0014,0.4951,0,0,0,0,0.0323,0,0,0,0
40010,0,0.0823,0,0,0,0,0.0014,0,0,0,0.0305,0.2631,0,0,0,0,0,0.4989,0,0,0.0122,0,0.0986,0,0.0075,0,0,0,0,0,0,0,0,0,0,0,0,0,0,0,0.0054,0,0,0,0
40011,0.0013,0.0671,0.0112,0.0115,0,0,0,0,0,8e-4,0.0162,0.5365,0,0,0,0.0013,0,0.2528,0,0,0,0,0.062,0.001,0.0368,0,0,0,0.0014,0,0,0,0,0,0,0,0,0,0,0,0,0,0,0,0
40012,0.0026,0.1172,0.0041,0.0058,0,0,0.0099,0,1e-4,0.0029,0.0695,0.347,0,0,0,0,0,0.2802,0,0,0,0,0.1133,0.0021,0.0414,0,0,0,0,0,0,0,0,0,0,0,0,0,0,0,0.0039,0,0,0,0
40013,0.005,0.1309,0.0051,0.0034,0,0,0.0182,0,0,0.0055,0.0806,0.2482,0,0,0,0,0,0.2915,0,0,0,0,0.1268,0.004,0.0734,0,0,0,0,0,0,0,0,0,0,0,0,0,0,0,0.0075,0,0,0,0
40016,0,0.3881,0.014,0,0,0.0077,0.0028,0,0,0.0769,0.0501,0.1439,0,0,0,0,0,0.2507,0,0,0,0,0.053,0,0.0129,0,0,0,0,0,0,0,0,0,0,0,0,0,0,0,0,0,0,0,0
40017,0,0.0076,0,0,0,0,0,0,0,0,0,0.0652,0,0,0,0,0,0.6546,0,0,0,0,0.1498,0.0732,0.0496,0,0,0,0,0,0,0,0,0,0,0,0,0,0,0,0,0,0,0,0
40018,0.004,0.1219,0.0062,0.0027,0,0,0.0151,0,0,0.0044,0.0804,0.2583,0,0,0,0,0,0.3009,0,0,0,0,0.1333,0.0032,0.0635,0,0,0,0,0,0,0,0,0,0,0,0,0,0,0,0.006,0,0,0,0
40020,0,0.1226,0,0,0,0,0,0,0,0,0.0129,0.1567,0,0,0,0,0,0.4927,0,0,0,0,0.0744,0.0313,0.0852,0,0,0,0.0243,0,0,0,0,0,0,0,0,0,0,0,0,0,0,0,0
40021,0,0.0409,0,0,0,0,0,0,0,0,0.0175,0.3658,0,0,0,0,0,0.4089,0,0,0,0,0.0396,0.0334,0.0939,0,0,0,0,0,0,0,0,0,0,0,0,0,0,0,0,0,0,0,0
40022,0,0.0501,4e-4,0.0309,0,0,0,0,0,0,0.0324,0.6434,0,0,0,0,0,0.2022,0,0,0,0,0.0243,0,0.0163,0,0,0,0,0,0,0,0,0,0,0,0,0,0,0,0,0,0,0,0
4003,0,9e-4,0,0,0,0,0,0,3e-4,0,0,0.0213,0,0,0,0,0,0.0477,0,0,0,0,0,0.1748,0.0055,0.0042,0.196,0,0.044,0,0,0.0369,0,0,0,0.4513,0,0,0,0,0.017,0,0,0,0
40033,0,0.0835,0,0,0,0,0,0,0,0,0,0.4643,0,0,0,0,0,0.3906,0,0,0,0,0.053900000000000003,0,0.0078,0,0,0,0,0,0,0,0,0,0,0,0,0,0,0,0,0,0,0,0
4005,0,0,0,0,0,0,0,0,0,0,0,0,0,0,0,0,0,0.0203,0,0,0,0,0,0.0516,0,0.0789,0.1475,0,0.0127,0,0,0.1627,0,0,0,0.5178,0,0,0,0,0.0084,0,0,0,0
4006,0,0,0,0,0,0,0,0,0,0,0,0,0,0,0,0,0,0.0177,0,0,0.003,0,0,0.0302,0,0.0911,0.0467,0,0.0537,0,0,0.0469,0,0,0,0.6843,0,0,0,0,0.0264,0,0,0,0
41001,0,0.0216,0,0,0,0,0,0,0,0,0,0.121,0,0,0,0,0,0.8101,0,0,0,0,0.0473,0,0,0,0,0,0,0,0,0,0,0,0,0,0,0,0,0,0,0,0,0,0
41003,0,0.0456,0.002,0,0,0,0,0,0,0,0.0065,0.2568,0,0,0,0,0,0.6025,0,0,0,0,0.0389,0.0078,0.0361,0,0,0,0,0,0,0,0,0,0,0,0,0,0,0,0.0038,0,0,0,0
41004,0.0012,0.0489,0.0016,0,0,0,7e-4,0,0,0,0.0279,0.25,0,0,0,0,0,0.5026,0,0,0.0064,0,0.0751,0.0038,0.0623,0,0.0093,0,0.0081,0,0,0,0,0,0,0,0,0,0,0,0.0021,0,0,0,0
41005,0.0026,0.0581,0.0013,0,0,0,0.0015,0,0,0,0.0322,0.2295,0,0,0,0,0,0.4495,0,0,0,0,0.0839,0.0084,0.1174,0,0.0038,0,0.0073,0,0,0,0,0,0,0,0,0,0,0,0.0045,0,0,0,0
41006,0,0.0632,0.0046,0,0,0,0,0,0,0,0.0108,0.1566,0,0,0,0,0,0.692,0,0,0,0,0.0526,0,0.02,0,3e-4,0,0,0,0,0,0,0,0,0,0,0,0,0,0,0,0,0,0
41009,0,0.0289,3e-4,0.0015,0,0,0.0029,0,0,0,0.0172,0.3114,0,0,0,0,0,0.3693,0,0,0,0,0.1342,0.0377,0.0817,0,0.0147,0,0,0,0,0,0,0,0,0,0,0,0,0,0,0,0,0,0
41011,0,0.0391,8e-4,0,0,0,0,0,0,0,0.0082,0.3199,0,0,0,0,0,0.4346,0,0,0,0,0.0947,0.0274,0.0596,0,0.0155,0,1e-4,0,0,0,0,0,0,0,0,0,0,0,0,0,0,0,0
41012,0.0012,0.1366,0.0064,0,0,0,0,0,0,0,0.0246,0.3121,0,0,0,0,0,0.4367,0,0,0,0,0.0824,0,0,0,0,0,0,0,0,0,0,0,0,0,0,0,0,0,0,0,0,0,0
41013,0,0,0,0,0,0,0,0,0,0,0,0.1815,0,0,0,0,0,0.7853,0,0,0,0,0.0332,0,0,0,0,0,0,0,0,0,0,0,0,0,0,0,0,0,0,0,0,0,0
41014,0.0019,0.0476,0.0029,0,0,0.0011,0.0032,0,0,0,0.0196,0.2513,0,0,0,0,0,0.442,0,0,0.0022,0,0.1261,0.0131,0.0875,0,0,0,0.0015,0,0,0,0,0,0,0,0,0,0,0,0,0,0,0,0
41016,0,0.0356,0,0,0,0,0,0,0,0,0,0.1731,0,0,0,0,0,0.6857,0,0,0,0,0.1056,0,0,0,0,0,0,0,0,0,0,0,0,0,0,0,0,0,0,0,0,0,0
41019,0.0051,0.0832,0.0077,0,0,0,0.0084,0,0,0,0.0412,0.2411,0,0,0,0,0,0.4555,0,0,0,0,0.0942,0.0239,0.0398,0,0,0,0,0,0,0,0,0,0,0,0,0,0,0,0,0,0,0,0
41020,0,0.0369,0,0,0,0,0,0,0,0,0.0248,0.4156,0,0,0,0,0,0.4778,0,0,0,0,0.045,0,0,0,0,0,0,0,0,0,0,0,0,0,0,0,0,0,0,0,0,0,0
41022,0,0.0198,0,0.0101,0,0,0,0,0,0,0.0011,0.1729,0,0,0,0,0,0.339,0,0,0,0,0.2262,0.0611,0.1689,0,0.001,0,0,0,0,0,0,0,0,0,0,0,0,0,0,0,0,0,0
41023,0,0.0103,0,0,0,0,6e-4,0,0,0,0.0105,0.4182,0,0,0,0,0,0.2037,0,0,0,0,0.2711,0.0254,0.0541,0,0,0,0.006,0,0,0,0,0,0,0,0,0,0,0,0,0,0,0,0
41025,0,0.0306,0,0,0,0.0046,0,0,0,0,0.0061,0.1579,0,0,0,0,0,0.3901,0,0,0,0,0.1885,0.0123,0.2037,0,0,0,0.0061,0,0,0,0,0,0,0,0,0,0,0,0,0,0,0,0
41027,0,0.0519,0.0033,0,0,0,0,0,0,0,0,0.2279,0,0,0,0,0,0.5171,0,0,0,0,0.0659,0.0571,0.035,0,0.0414,0,3e-4,0,0,0,0,0,0,0,0,0,0,0,0,0,0,0,0
41028,0,0.0232,0,0,0,0,0,0,0,0,0.0316,0.3987,0,0,0,0,0,0.4728,0,0,0,0,0.0737,0,0,0,0,0,0,0,0,0,0,0,0,0,0,0,0,0,0,0,0,0,0
41029,0,0.0293,0,0,0,0,0,0,0,0,0.0211,0.2181,0,0,0,0,0,0.647,0,0,0,0,0.0655,0,0.0191,0,0,0,0,0,0,0,0,0,0,0,0,0,0,0,0,0,0,0,0
42001,0,0.095,0.0081,0,0,0,0,0,0,0,0.0133,0.4319,0,0,0,0,0,0.3452,0,0,0,0,0.0415,0.0146,0.0504,0,0,0,0,0,0,0,0,0,0,0,0,0,0,0,0,0,0,0,0
42003,0,0.0182,0,0,0,0,0,0,0,0,0.0169,0,0,0,0,0,0,0.0553,0,0,0.0312,0,0.3693,0.1452,0.0167,0.0462,0.2906,0,0.0104,0,0,0,0,0,0,0,0,0,0,0,0,0,0,0,0
42004,3e-4,0.0277,0.0027,9e-4,0,0.0031,0,4e-4,0,4e-4,0.0094,0.6247,0,0,0,6e-4,0,0.2312,0,0,7e-4,0,0.0448,0.0096,0.0327,0.0084,0,0,0.0018,0,0,0,0,0,7e-4,0,0,0,0,0,0,0,0,0,0
42006,0,0.0178,0,0,0,0,0,0,0,0,0.0058,0.5218,0,0,0,0,0,0.3965,0,0,0,0,0.0181,0,0.0401,0,0,0,0,0,0,0,0,0,0,0,0,0,0,0,0,0,0,0,0
42008,0,0.0103,0,0,0,0,0,0,0,0,0.0224,0.7096,0,0,0,0,0,0.2059,0,0,0,0,0.0215,0,0.0302,0,0,0,0,0,0,0,0,0,0,0,0,0,0,0,0,0,0,0,0
42010,0.0021,0.0513,0.0024,0,0,0,0,0,0,0,0.0147,0.6565,0,0,0,0,0,0.21,0,0,0,0,0.027,0.0021,0.0339,0,0,0,0,0,0,0,0,0,0,0,0,0,0,0,0,0,0,0,0
42011,0,0.047,0,0,0,0,0,0,0,0,0.008,0.395,0,0,0,0,0,0.5113,0,0,0,0,0,0,0.0387,0,0,0,0,0,0,0,0,0,0,0,0,0,0,0,0,0,0,0,0
42016,0,0.01,0,0,0,0,0,0,0,0,0.0126,0.7107,0,0,0,0,0,0.1961,0,0,0,0,0.0245,0.003,0.043,0,0,0,0,0,0,0,0,0,0,0,0,0,0,0,0,0,0,0,0
42017,0,0.5317,0.0023,0,0,0,0,0,0,0,0.0329,0.0311,0,0,0,0,0,0.2042,0,0,0,0,0,0,0.1978,0,0,0,0,0,0,0,0,0,0,0,0,0,0,0,0,0,0,0,0
42024,0,0.0149,0,0.0019,0,0,0,0,0,0,0.0068,0.6895,0,0,0,0,0,0.204,0,0,9e-4,0,0.0488,0.0024,0.0309,0,0,0,0,0,0,0,0,0,0,0,0,0,0,0,0,0,0,0,0
42026,0,0.0224,0,0,0,0.0518,0,0,0,0,0,0.6211,0,0,0,0,0,0.246,0,0,0,0,0.0025,0,0,0.0405,0,0,0.0157,0,0,0,0,0,0,0,0,0,0,0,0,0,0,0,0
42027,0,0.0104,0,0,0,0,0,0,0,0,0.0038,0.7866,0,0,0,0,0,0.1237,0,0,0,0,0.0668,0.0027,0.006,0,0,0,0,0,0,0,0,0,0,0,0,0,0,0,0,0,0,0,0
43005,0,0.0248,0.0016,0,0,0.0018,0,0,0,0,0.0036,0.4657,0,0,0,0,0,0.2166,0,0,0.0105,0,0.0101,0,0.0012,0.2641,0,0,0,0,0,0,0,0,0,0,0,0,0,0,0,0,0,0,0
43006,0,0.0125,0,0,0,0,0,0,0,0,0.0184,0.5204,0,0,0,0,0,0.3371,0,0,0,0,0.0809,0.024,0.0067,0,0,0,0,0,0,0,0,0,0,0,0,0,0,0,0,0,0,0,0
43007,0,0.0436,0.0013,0,0,0.0017,0.0014,0,0,6e-4,0.0142,0.448,0,0,0,0,0,0.4236,0,0,0,0,0.0407,0.0043,0.0141,0.0031,0.0032,0,0,0,0,0,0,0,0,0,0,0,0,0,0,0,0,0,0
43008,0,0.0181,0.0011,0,0,0,0,0,0,0,0.0149,0.4235,0,0,0,0,0,0.1978,0,0,0,0,0.0289,0.008,0.001,0.306,0,0,6e-4,0,0,0,0,0,0,0,0,0,0,0,0,0,0,0,0
43009,0,0.0247,0.0013,0,0,0.0031,0,0,0,0,0.0038,0.3022,0,0,0,0,0,0.6237,0,0,0,0,0.021,0.0035,0.0104,0.0063,0,0,0,0,0,0,0,0,0,0,0,0,0,0,0,0,0,0,0
43014,0,0.0244,0,0,0,0,0,0,0,0,5e-4,0.6989,0,0,0,0,0,0.2636,0,0,0,0,0.0014,0,0,0.0112,0,0,0,0,0,0,0,0,0,0,0,0,0,0,0,0,0,0,0
43017,0,0.0092,0.006,0,0,0,0,0,0,0,0.0021,0.7076,0,0,0,0,0,0.2739,0,0,0,0,5e-4,0,0,6e-4,0,0,0,0,0,0,0,0,0,0,0,0,0,0,0,0,0,0,0
43018,0,0.0023,0,0,0,0,0,0,0,0,0.026,0.7338,0,0,0,0,0,0.1467,0,0,0,0,0.073,0.0099,0.0082,0,0,0,0,0,0,0,0,0,0,0,0,0,0,0,0,0,0,0,0
43021,4e-4,0.0289,0.0023,0,0,0.0033,0.001,0,0,6e-4,0.0098,0.4694,0,0,0,0,0,0.2464,0,0,0.003,0,0.0406,0.017,0.0022,0.1449,0.0281,0,0.001,0,0,0,0,0,0,0,0,0,0,0,0.0011,0,0,0,0
44001,0.0016,0.0256,0.0113,0,0,0,0.0074,0,7e-4,0,0.005,0.5109,0,0,0,0,0,0.3611,0,0,0,0,0.0249,0.0138,0.0209,0,0.0158,0,9e-4,0,0,0,0,0,0,0,0,0,0,0,0,0,0,0,0
44002,0,0.0101,0.0128,0,0,0,0.0079,0,0,0,0.0069,0.589,0,0,0,0,0,0.2837,0,0,0,0,0.0278,0.0154,0.0255,0.0016,0.016,0,0.0032,0,0,0,0,0,0,0,0,0,0,0,0,0,0,0,0
44006,0,0.0041,0,0,0,0,0,0,0,0,0.0108,0.3917,0,0,0,0,0,0.5336,0,0,0,0,0.0598,0,0,0,0,0,0,0,0,0,0,0,0,0,0,0,0,0,0,0,0,0,0
44009,0,0.0925,0,0,0,0,0,0,0,0,0.0013,0.6725,0,0,0,0,0,0.2338,0,0,0,0,0,0,0,0,0,0,0,0,0,0,0,0,0,0,0,0,0,0,0,0,0,0,0
44011,0,0.0293,0,0,0,0,0,0,0,0,0,0.2395,0,0,0,0,0,0.6505,0,0,0,0,0.0334,0,0.0472,0,0,0,0,0,0,0,0,0,0,0,0,0,0,0,0,0,0,0,0
45001,0,0.0109,0,0,0,0,0,0,0,0,0.0045,0.1392,0,0,0,0,0,0.6574,0,0,0,0,0.0488,0.0182,0.0057,0.0881,0.0179,0,0.007,0,0,0,0,0,0,0,0,0,0,0,0.0023,0,0,0,0
45003,0,0.0264,0,0,0,0.0091,0.0027,0.0032,0,0,0.0026,0.3152,0,0,0,0,0,0.5743,0,0,0,0,0.0478,0.0124,0.0052,0,0.0012,0,0,0,0,0,0,0,0,0,0,0,0,0,0,0,0,0,0
45004,0,0.0192,0.0016,0,0,0,0,0,0,0,0.008,0.3349,0,0,0,0,0,0.5847,0,0,0,0,0.0315,0.0076,0.0126,0,0,0,0,0,0,0,0,0,0,0,0,0,0,0,0,0,0,0,0
45005,0,0.0359,0.0013,0,0,0,4e-4,0,0,0,0.0066,0.4149,0,0,0,0,0,0.4435,0,0,0.0053,0,0.0321,0.0067,0.0282,0,0.0242,0,8e-4,0,0,0,0,0,0,0,0,0,0,0,0,0,0,0,0
45009,0,0,0,0,0,0,0,0,0,0,0.0032,0.1121,0,0,0,0,0,0.6427,0,0,0,0,0.0618,0.0137,0.0082,0.0845,0.0412,0,0.023,0,0,0,0,0,0,0,0,0,0,0,0.0097,0,0,0,0
45012,0,0.0116,0,0,0,0,0,0,0,0,0.0091,0.5424,0,0,0,0,0,0.3806,0,0,0.0039,0,0.0127,0.0111,0.0288,0,0,0,0,0,0,0,0,0,0,0,0,0,0,0,0,0,0,0,0
46003,0,0.013,0,0,0,0,0.0018,0,0,0,0,0.0586,0,0,0,0,0,0.2699,0,0,0.0012,0,0.0482,0.0306,0.0223,0.2758,0.1489,0,0.0086,0,0,0,0,0,0,0.1211,0,0,0,0,0,0,0,0,0
46005,0,0,0,0,0,0,0,0,0,0,0,0,0,0,0,0,0,0.0854,0,0,0,0,0,0.0288,0,0.3134,0.1425,0,0.0315,0,0,0,0,0,0,0.3984,0,0,0,0,0,0,0,0,0
46008,0,0.0057,0,0,0,0,0,0,0,0,5e-4,0.2983,0,0,0,0,0,0.3886,0,0,0,0,0.006,0.0046,0.0276,0.1443,0.0185,0,6e-4,0,0,0,0,0,0,0.1055,0,0,0,0,0,0,0,0,0
46014,0,0.0045,0,0,0,0,0.0018,0,0,0,0.0043,0.2629,0,0,0,0,0,0.3544,0,0,0.0324,0,0.0277,0.0838,0.0495,0.0895,0.0248,0,0.0172,0,0,0,0,0,0,0.0431,0,0,0,0,0.004,0,0,0,0
47001,0,0.0059,0,0,0,0,8e-4,0,0,0,0.0035,0.3949,0,0,0,0,0,0.4964,0,3e-4,0.0025,0,0.0145,0.024,0.018,0.0075,0.0135,0,0.0066,0,0,0,0,0,0,0.0079,0,0,0,0,0.0036,0,0,0,0
47004,0,0.0109,0,0,0,0,0,0,0,0,0,0.339,0,0,0,0,0,0.388,0,0,0,0,0.0359,0.0519,0.0064,0,0.1327,0,0.0209,0,0,0,0,0,0,0.0143,0,0,0,0,0,0,0,0,0
47005,0,0,0,0,0,0,0,0,0,0,0.0124,0.4882,0,0,0,0,0,0.4824,0,0.0024,0,0,0,0.0088,0,0,0,0,0.0058,0,0,0,0,0,0,0,0,0,0,0,0,0,0,0,0
47008,0,0,0,0,0,0,0,0,0,0,4e-4,0.3605,0,0,0,0,0,0.5355,0,0,0,0,0.012,0.0546,0,0,0,0,0.0113,0,0,0,0,0,0,0,0,0,0,0,0.0258,0,0,0,0
47009,0,0.0086,0,0,0,0,0,0,0,0,0,0.6526,0,0,0,0,0,0.3069,0,0,0,0,0.0094,0.0166,0,0,0.0021,0,0.0038,0,0,0,0,0,0,0,0,0,0,0,0,0,0,0,0
47011,0,0.0106,0.0045,0,0,0,0.0173,0,0,0,0.0099,0.0515,0,0,0,0,0,0.1778,0,0,0,0,0.028,0.0214,0.0622,0.3382,0.1487,0,0.0069,0,0,0,0,0,0,0.1156,0,0,0,0,0.0074,0,0,0,0
47014,0,0.0188,0,0,0,0,0,0,0,0,0,0.0267,0,0,0,0,0,0.2996,0,0,0,0,0.0368,7e-4,0.0122,0.4385,0.0395,0,0,0,0,0,0,0,0,0.1272,0,0,0,0,0,0,0,0,0
47018,0,0,0,0,0,0,0,0,0,0,9e-4,0.3464,0,0,0,0,0,0.6138,0,0,0,0,0.0112,0.0273,0,0,0,0,3e-4,0,0,0,0,0,0,0,0,0,0,0,0,0,0,0,0
48003,0,0.0283,0.0074,0,0,0,0.1748,0,0,0,0,0.3531,0,0,0,0,0,0.2863,0,0,0.008,0,0.0602,0,0.0231,0.0061,0.0406,0,0.0121,0,0,0,0,0,0,0,0,0,0,0,0,0,0,0,0
48004,0,0,0,0,0,0,0,0,0,0,0,0.0553,0,0,0,0,0,0.4514,0,0,0,0,0.053,0,0,0.1091,0.264,0,0,0,0,0,0,0,0,0.0672,0,0,0,0,0,0,0,0,0
48005,0,0.0494,0.0152,0,0,0,0,0,0,0,0.0205,0.6961,0,0,0,0,0,0.2187,0,0,0,0,0,0,0,0,0,0,0,0,0,0,0,0,0,0,0,0,0,0,0,0,0,0,0
48011,0,1e-4,0.0014,0,0,0,0.0033,0,0,0,0.0071,0.1546,0,0,0,0,0,0.4328,0,0,0,0,0.0762,0.0239,0.0282,0.0404,0.1879,0,0.0056,0,0,0,0,0,0,0.0138,0,0,0,0,0.0249,0,0,0,0
49001,0,0.0245,0.002,0,0,0,0.0086,0,0.0027,0,0.003,0.3549,0,0,0,0,0,0.3658,0,0,0,0,0.0379,0.0203,0.0041,0.0176,0.1358,0,0.0129,0,0,0,0,0,0,0.0074,0,0,0,0,0.0024,0,0,0,0
49002,0,0.0031,0,0,0,0,0,0,0,0,0,0.7128,0,0,0,0,0,0.2101,0,0,0.0045,0,0.0397,0,0,0,0.0298,0,0,0,0,0,0,0,0,0,0,0,0,0,0,0,0,0,0
49004,0,0.0225,0.0066,0,0,0,0,0,0,0,0.0012,0.7556,0,0,0,0,0,0.1392,0,0,0,0,0.0279,0,0.011,0,0.0358,0,0,0,0,0,0,0,0,0,0,0,0,0,0,0,0,0,0
50001,0,0.0054,0.0013,0,0,0,5e-4,0,0,0,0.0022,0.2619,0,0,0,0,0,0.621,0,0,5e-4,0,0.0278,0.0193,0.0149,0.0227,0.0072,0,0.0032,0,0,0,0,0,0,0.012,0,0,0,0,0,0,0,0,0
50002,0,0.0062,0.0014,0,0,0,0.0053,0,0,0,0.007,0.3123,0,0,0,0,0,0.5269,0,0,0,0,0.0217,0.0276,0.0151,0.0142,0.0065,0,0.0165,0,0,0,0,0,0,0.0386,0,0,0,0,7e-4,0,0,0,0
50006,0,0.0052,0.0022,0,0,0,0.0014,0,0,0,0.0035,0.1132,0,0,0,0,0,0.7593,0,0,0,0,0.0361,0.0287,0.0062,0.0388,0.0054,0,0,0,0,0,0,0,0,0,0,0,0,0,0,0,0,0,0
50007,0,0.0097,0,0,0,0,0,0,0,0,0,0.3401,0,0,0,0,0,0.3739,0,0,0.0058,0,0.027,0,0,0.0739,0.0212,0,0.0105,0,0,0,0,0,0,0.1379,0,0,0,0,0,0,0,0,0
50008,0,0,0,0,0,0,0,0,0,0,0.0365,0.2875,0,0,0,0,0,0.5787,0,0,0,0,0.0226,0.0098,0.0046,0,0.0314,0,0.0223,0,0,0,0,0,0,0,0,0,0,0,0.0065,0,0,0,0
50011,0,0.028,0,0,0,0,0.0083,0,0,0,0.0044,0.1087,0,0,0,0,0,0.3549,0,0,0,0,0.0359,0.0213,0.0101,0.0903,1e-4,0,0.0184,0,0,0,0,0,0,0.3195,0,0,0,0,0,0,0,0,0
5003,0,8e-4,0,0,0,0,0,0,0,0,0,0,0,0,0,0,0,0.0126,0,0,0,0,0.0061,0.1081,0.027,0.1646,0.2197,0,0.0464,0,0.0021,0.176,0,0,0.0013,0.205,0,0,0,0,0.0302,0,0,0,0
51001,0,0.0145,0,0,0,0,0,0,0,0,0,0.3364,0,0,0,0,0,0.4702,0,0,0,0,0.0295,0.0692,0,0.0613,0.0188,0,0,0,0,0,0,0,0,0,0,0,0,0,0,0,0,0,0
52004,0,0.0529,0,0,0,0,0,0,0,0,0.0106,0.4429,0,0,0,0,0,0.4648,0,0,0,0,0.013,0.0129,0,0,0,0,0,0,0,0,0,0,0,0,0,0,0,0,0.0027,0,0,0,0
52005,0,0.0243,0.0038,0,0,0,0,0,0,0,0.0031,0.282,0,0,0,0,0,0.6206,0,0,0,0,0.0297,0.0125,0.0156,3e-4,0.0056,0,0,0,0,0,0,0,0,0,0,0,0,0,0.0024,0,0,0,0
52006,0,0.0762,0.0011,0,0,0,0,0,0,0,0.0246,0.3306,0,0,0,0,0,0.5241,0,0,0,0,0.0315,0.0097,0,0,0,0,0,0,0,0,0,0,0,0,0,0,0,0,0.0022,0,0,0,0
52007,0,0.0453,0,0,0,0,0,0,0,0,0.0245,0.1778,0,0,0,0.0032,0,0.7013,0,0,0,0,0,0.0479,0,0,0,0,0,0,0,0,0,0,0,0,0,0,0,0,0,0,0,0,0
52009,0,0.1099,0,0,0,0,0,0,0,0,0.0107,0.2177,0,0,0,0,0,0.621,0,0,0,0,0.0407,0,0,0,0,0,0,0,0,0,0,0,0,0,0,0,0,0,0,0,0,0,0
52010,0,0.0273,0.0024,0,0,0,0,0,0,0,0.0049,0.2969,0,0,0,0,0,0.6332,0,0,0,0,0.0128,0,0.0224,0,0,0,0,0,0,0,0,0,0,0,0,0,0,0,0,0,0,0,0
52011,0,0.0405,0,0,0,0.0218,0,0.0072,0,0,0.0214,0.534,0,0,0,0,0,0.3348,0,0,0,0,0.0352,0.0051,0,0,0,0,0,0,0,0,0,0,0,0,0,0,0,0,0,0,0,0,0
52015,0,0.0274,0,0,0,0,0.0308,0,0,0,0.0338,0.451,0,0,0,0,0,0.3356,0,0,0,0,0.106,0,0,0,0,0,0,0,0,0,0,0,0,0,0,0,0,0,0.0154,0,0,0,0
52016,0,0,0,0,0,0,0,0,0,0,0,0.1336,0,0,0,0,0,0.4027,0,0,0,0,0.0305,0.3963,0,0.0019,0.035,0,0,0,0,0,0,0,0,0,0,0,0,0,0,0,0,0,0
53005,0,0.0857,0.0037,0,0,0,0,0,0,0,0.0108,0.4384,0,0,0,0,0,0.4265,0,0,0,0,0.0215,0.0134,0,0,0,0,0,0,0,0,0,0,0,0,0,0,0,0,0,0,0,0,0
53006,0,0.2451,0.0316,0.0024,0,0.0102,0.0099,0,0,4e-4,0.03,0.3878,0,0,0,0,0,0.2826,0,0,0,0,0,0,0,0,0,0,0,0,0,0,0,0,0,0,0,0,0,0,0,0,0,0,0
53007,0,0.0337,0.0016,0,0,0,0.0231,0,0,0,0.0361,0.3456,0,0,0,0,0,0.4727,0,0,0,0,0.0492,0.0117,0.0264,0,0,0,0,0,0,0,0,0,0,0,0,0,0,0,0,0,0,0,0
53008,0,0.0196,0,0.001,0,0.0042,0,0,0,0,0.0294,0.5641,0,0,0,0,0,0.3442,0,0,0.0017,0,0.0256,9e-4,0.0076,0,0,0,0.0016,0,0,0,0,0,0,0,0,0,0,0,0,0,0,0,0
53009,0,0.1221,0.0073,0,0,0,0,0,0,0,0.0216,0.5133,0,0,0,0,0,0.3175,0,0,0,0,0.0115,0.0066,0,0,0,0,0,0,0,0,0,0,0,0,0,0,0,0,0,0,0,0,0
53013,0,0.0365,0.012,0,0,0.017,0.0095,0,0,0,0.0255,0.4793,0,0,0,0,0,0.384,0,0,0,0,0.0138,0,0,0.0224,0,0,0,0,0,0,0,0,0,0,0,0,0,0,0,0,0,0,0
53017,0,0.0262,0,0,0,0,0.0099,0,0,0,0.0508,0.3435,0,0,0,0,0,0.5637,0,0,0,0,0.0059,0,0,0,0,0,0,0,0,0,0,0,0,0,0,0,0,0,0,0,0,0,0
53018,0.0011,0.0572,0.0046,7e-4,0,0.0048,0.0048,3e-4,2e-4,0,0.0214,0.4367,0,0,0,0,0,0.4155,0,0,3e-4,0,0.033,0.0041,0.0064,0.0085,0,0,3e-4,0,0,0,0,0,0,0,0,0,0,0,0,0,0,0,0
53022,0.0019,0.0617,0.0044,7e-4,0,0.0046,0.0046,3e-4,2e-4,4e-4,0.0214,0.425,0,0,0,0,0,0.4221,0,0,3e-4,0,0.0338,0.0039,0.0062,0.0082,0,0,3e-4,0,0,0,0,0,0,0,0,0,0,0,0,0,0,0,0
53023,0,0.0174,0,0,0,0,0,0,0,0,0.0517,0.5817,0,0,0,0,0,0.3135,0,0,0,0,0.0321,0.0036,0,0,0,0,0,0,0,0,0,0,0,0,0,0,0,0,0,0,0,0,0
53028,0,0.0193,0.0138,0,0,0.0111,0,0,0,0,0.0251,0.5087,0,0,0,0,0,0.3599,0,0,0,0,0.0621,0,0,0,0,0,0,0,0,0,0,0,0,0,0,0,0,0,0,0,0,0,0
54001,1e-4,0.0235,0.0045,0,0,0.0028,0.0019,2e-4,1e-4,0.0027,0.0097,0.303,0,0,0,0,0,0.4813,0,0,0.0051,0,0.0242,0.0355,0.0075,0.0507,0.0157,0,0.0061,0,0,0,0,0,0,0.0233,0,0,0,0,0.0022,0,0,0,0
54002,0.001,0.0808,0.0199,0.0011,0,0.0025,0.0026,0,5e-4,0.0032,0.0181,0.5295,0,0,0,0,0,0.3181,0,0,2e-4,0,0.0161,0.0011,0.0033,0,0,0,2e-4,0,0,0,0,0,0,0,0,0,0,0,0.0018,0,0,0,0
54003,0,0,0,0,0,0,0,0,0,0,0,0,0,0,0,0,0,0.0182,0,0,0,0,0.0015,0.146,0.0045,0.1562,0.0819,0,1e-4,0,0,0,0,0,0,0.53,0,0,0,0,0.0615,0,0,0,0
54004,0.0085,0.2479,0.0526,0.003,0,0.0018,4e-4,0,0,0.0171,0.0191,0.4294,0,0,0,0,0,0.2083,0,0,0,0,0.0075,7e-4,0.0038,0,0,0,0,0,0,0,0,0,0,0,0,0,0,0,0,0,0,0,0
54005,2e-4,0.008,0.0016,0,0,0,0.0011,1e-4,0,1e-4,0.0034,0.0608,0,0,0,0,0,0.6397,0,0,0.008,0,0.0151,0.0588,0.0082,0.1039,0.028,0,0.0128,0,0,0,0,0,0,0.0467,0,0,0,0,0.0035,0,0,0,0
54007,0,0.0753,0.0124,0.0023,0,7e-4,0,0,0,0.0035,0.0233,0.3938,0,0,0,0,0,0.4421,0,0,0,0,0.0345,0.0024,0.0086,0,0,0,0,0,0,0,0,0,0,0,0,0,0,0,0.001,0,0,0,0
54008,0,0.0101,0,0,0,0,0.0013,0,0,0,0.0025,0.2847,0,0,0,0,0,0.5209,0,0,0.0111,0,0.0203,0.045,0.0177,0.0547,0.0294,0,0.0022,0,0,0,0,0,0,0,0,0,0,0,0,0,0,0,0
54011,0.002,0.1156,0.0213,0,0,0,0.0015,0,0.0014,0,0.0216,0.471,0,0,0,0,0,0.3404,0,0,0.0025,0,0.0156,0,0.0055,0,0,0,0,0,0,0,0,0,0,0,0,0,0,0,0.0014,0,0,0,0
54012,0,0.036,0.0077,0,0,0.008,0.0017,4e-4,0,0.0048,0.0138,0.5506,0,0,0,0,0,0.3334,0,0,0,0,0.0183,0.0118,0.0038,0,0,0,6e-4,0,0,0,0,0,0,0.0075,0,0,0,0,0.0014,0,0,0,0
54015,0,0.0399,0.002,0,0,0,0,0,0,0,0.0135,0.5501,0,0,0,0,0,0.37,0,0,0.0024,0,0.0221,0,0,0,0,0,0,0,0,0,0,0,0,0,0,0,0,0,0,0,0,0,0
54016,0,0.011,0.002,0,0,0.0166,0.0023,0,0,0,0.011,0.496,0,0,0,0,0,0.4047,0,0,0,0,0.0126,0.0163,0.002,0,0,0,0,0,0,0,0,0,0,0.0244,0,0,0,0,0.0012,0,0,0,0
54017,0,0.0203,0,0,0,0,0,0,0,0,0.0041,0.6609,0,0,0,0,0,0.2165,0,0,0.009,0,0.0424,0.0187,0.0248,3e-4,0.0011,0,0.0018,0,0,0,0,0,0,0,0,0,0,0,0,0,0,0,0
54018,0,0.0121,0,0,0,0,0,0,0,0,0.0051,0.2681,0,0,0,0,0,0.6378,0,0,0,0,0.0238,0.0243,0,0.0076,0.021,0,0,0,0,0,0,0,0,0,0,0,0,0,0,0,0,0,0
54019,0,0.0783,0.028,0.0012,0,0.0053,0.0091,0,0,0,0.0226,0.4565,0,0,0,0,0,0.3859,0,0,0,0,0.0078,7e-4,0.001,0,0,0,0,0,0,0,0,0,0,0,0,0,0,0,0.0035,0,0,0,0
54020,0,0.027,0.0049,0,0,0.0048,6e-4,0,0,0,0.0128,0.4062,0,0,0,0,0,0.5304,0,0,0,0,0.0053,0.002,0.0021,0,0,0,0,0,0,0,0,0,0,0,0,0,0,0,0.0039,0,0,0,0
54022,0,0,0,0,0,0,0,0,0,0,0,0,0,0,0,0,0,0,0,0,0,0,0,0.5285,0,0.0604,0,0,0.1469,0,0,0,0,0,0,0.2642,0,0,0,0,0,0,0,0,0
54024,0,0.0415,0.0222,0,0,0.0165,0,2e-4,0,0.0157,0.0277,0.7074,0,0,0,0,0,0.135,0,0,2e-4,0,0.0245,0.0065,0.0026,0,0,0,0,0,0,0,0,0,0,0,0,0,0,0,0,0,0,0,0
54025,0,0,0,0,0,0,0,2e-4,0,0,0,0.0056,0,0,0,0,0,0.5842,0,0,0.0161,0,0.0212,0.0185,0.0095,0.289,0.0071,0,0.0341,0,0,0,0,0,0,0.0144,0,0,0,0,0,0,0,0,0
54027,0,0.0854,0.0036,0,0,0.0027,0,0,0,0,0.0167,0.2913,0,0,0,0,0,0.3525,0,0,0.0741,0,0.1508,0.0019,0.0167,0.0043,0,0,0,0,0,0,0,0,0,0,0,0,0,0,0,0,0,0,0
54028,0,0.0017,0,0,0,0,9e-4,0,0,0,0.0014,0.011,0,0,0,0,0,0.5658,0,0,0,0,0.0091,0.0918,0.0044,0.1447,0.0437,0,0.0194,0,0,0,0,0,0,0.1003,0,0,0,0,0.0058,0,0,0,0
54029,0,0.0099,0,0,0,0,0.0012,0,0,0,0.0027,0.3047,0,0,0,0,0,0.5065,0,0,0.0177,0,0.0266,0.0359,0.0211,0.0457,0.0264,0,0.0017,0,0,0,0,0,0,0,0,0,0,0,0,0,0,0,0
54032,7e-4,0.043,0.0062,0,0,0.0017,0.0017,1e-4,1e-4,0.0031,0.0105,0.3267,0,0,0,0,0,0.4519,0,0,0.0076,0,0.0263,0.0309,0.011,0.0421,0.0157,0,0.0044,0,0,0,0,0,0,0.0147,0,0,0,0,0.0014,0,0,0,0
54034,0,0.0136,0,0,0,0,0,0,0,0,0.0279,0.2554,0,0,0,0,0,0.2625,0,0,0,0,0.2351,0.1209,0.0847,0,0,0,0,0,0,0,0,0,0,0,0,0,0,0,0,0,0,0,0
54036,0,0.0161,0,0,0,0,0,0,0,0,0.0338,0.4682,0,0,0,0,0,0.3953,0,0,0,0,0.0577,0,0.003,0.0153,0.0106,0,0,0,0,0,0,0,0,0,0,0,0,0,0,0,0,0,0
54038,0,0,0,0,0,0,0.0029,0,0,0,1e-4,0.0055,0,0,0,0,0,0.5882,0,0,0,0,0.0043,0.0439,0.0051,0.2141,0.0497,0,0.0097,0,0,0,0,0,0,0.0766,0,0,0,0,0,0,0,0,0
54044,0,0.0351,7e-4,0,0,0.0095,0.0042,0,0,0,0.0169,0.4032,0,0,0,0,0,0.4509,0,0,0,0,0.0174,0.0333,0.0263,0,0,0,0.0026,0,0,0,0,0,0,0,0,0,0,0,0,0,0,0,0
54048,0,0.0239,0.0694,0,0,0.0012,0,0,0,0,0.0082,0.647,0,0,0,0,0,0.2186,0,0,0.0041,0,0.0275,0,0,0,0,0,0,0,0,0,0,0,0,0,0,0,0,0,0,0,0,0,0
54049,0,0.0468,0.0033,0,0,0,0.0037,0,0,0.0012,0.009,0.5484,0,0,0,0,0,0.3675,0,0,0,0,0.0083,2e-4,0.0037,0,0,0,0.0014,0,0,0,0,0,0,0,0,0,0,0,0.0067,0,0,0,0
54052,0,0.0101,0,0,0,0,0,0,0,0,0.0223,0.3756,0,0,0,0,0,0.5745,0,0,0,0,0.0174,0,0,0,0,0,0,0,0,0,0,0,0,0,0,0,0,0,0,0,0,0,0
54057,8e-4,0.0516,0.0092,2e-4,0,0.002,0.002,1e-4,2e-4,0.003,0.0125,0.3903,0,0,0,0,0,0.4125,0,0,0.0056,0,0.0241,0.0218,0.0088,0.0296,0.0111,0,0.0032,0,0,0,0,0,0,0.0102,0,0,0,0,0.0014,0,0,0,0
54060,0,0,0,0,0,0,0,0,0,0,0,0.8333,0,0,0,0,0,0.1468,0,0,0,0,0.0086,5e-4,0.0109,0,0,0,0,0,0,0,0,0,0,0,0,0,0,0,0,0,0,0,0
54063,0.0081,0.5411,0.0789,0,0,0,0,0,0,0.0542,0.0258,0.1631,0,0,0,0,0,0.1071,0,0,0,0,0.0114,0.0063,0.004,0,0,0,0,0,0,0,0,0,0,0,0,0,0,0,0,0,0,0,0
54080,0,0.0056,0,0,0,0,0,0.0015,0,0,0,0.0081,0,0,0,0,0,0.4743,0,0,0.0066,0,0.0065,0.1432,0.022,0.2253,0.0168,0,0.0451,0,0,0,0,0,0,0.0306,0,0,0,0,0.0143,0,0,0,0
54095,1e-4,0.0206,0.0036,0,0,0.0021,0.0018,2e-4,0,0.0015,0.0075,0.2598,0,0,0,0,0,0.5246,0,0,0.0043,0,0.0178,0.0367,0.0057,0.0589,0.0182,0,0.0071,0,0,0,0,0,0,0.0271,0,0,0,0,0.0024,0,0,0,0
54096,0,0.0098,0.0172,0,0,0,0,0,0,0,0.0068,0.6827,0,0,0,0,0,0.2445,0,0,0,0,0.0251,0,0.0139,0,0,0,0,0,0,0,0,0,0,0,0,0,0,0,0,0,0,0,0
55002,0,0.0056,7e-4,0,0,0,3e-4,0,0,0,0.0028,0.1357,0,0,0,4e-4,0,0.4315,0,0,0.0105,0,0.0135,0.0481,0.017,0.1623,0.0682,0,0.0126,0,0,0,0,0,5e-4,0.0861,0,0,0,0,0.0041,0,0,0,0
55007,0,0.0045,0,0,0,0,5e-4,0,0,0,0.0016,0.0277,0,0,0,0,0,0.4205,0,0,0.0129,0,0.0091,0.0591,0.0197,0.2216,0.0727,0,0.0176,0,0,0,0,0,8e-4,0.1266,0,0,0,0,0.0051,0,0,0,0
55008,0,0,0,0,0,0,0,0,0,0,0,0,0,0,0,0,0,0,0,0,0,0,0,0,0,0.87,0,0,0,0,0,0,0,0,0,0.13,0,0,0,0,0,0,0,0,0
55013,0,0.0077,0,0,0,0,0.0067,0,0,0,0.0094,0.1023,0,0,0,0,0,0.5485,0,0,0.0294,0,0.0026,0.0113,0.0195,0.0768,0.1858,0,0,0,0,0,0,0,0,0,0,0,0,0,0,0,0,0,0
55014,0,0.0056,0,0,0,0,9e-4,0,0,0,0,0.1102,0,0,0,0,0,0.6153,0,0,0.019,0,0.0082,0.1012,0.0317,0.0597,0.044,0,0.0041,0,0,0,0,0,0,0,0,0,0,0,0,0,0,0,0
55016,0,0.0087,0,0,0,0,0,0,0,0,0.0015,0.0279,0,0,0,0,0,0.6117,0,0,0.0232,0,0.0065,0.0428,0.0056,0.1821,0.08,0,0.01,0,0,0,0,0,0,0,0,0,0,0,0,0,0,0,0
55018,0,0.0126,0,0,0,0,0,0,0,0,7e-4,0.5181,0,0,0,0,0,0.4568,0,0,0.0028,0,0.0046,0,0.0044,0,0,0,0,0,0,0,0,0,0,0,0,0,0,0,0,0,0,0,0
55021,0,0.0115,0,0,0,0.0025,5e-4,0,0,0,0.0015,0.2351,0,0,0,0,0,0.5337,0,0,0.0322,0,0.011,0.0787,0.0309,0.0344,0.025,0,0.0031,0,0,0,0,0,0,0,0,0,0,0,0,0,0,0,0
55023,2e-4,0.0128,0.0015,0,0,2e-4,6e-4,0,0,0,0.004,0.31,0,0,0,3e-4,0,0.3937,0,0,0.0108,0,0.0211,0.04,0.0206,0.0842,0.0502,0,0.0064,0,0,1e-4,0,0,3e-4,0.0407,0,0,0,0,0.0021,0,0,0,0
55025,0,0.0103,0,0,0,0,0,0,0,0,0.0028,0.1436,0,0,0,0,0,0.7011,0,0,0.0042,0,0.0117,0.0032,0.015,0.0228,0.0716,0,0,0,0,0,0,0,0,0.0044,0,0,0,0,0.0093,0,0,0,0
55026,0,0.0059,0,0,0,0,0,0,0,0,0,0.0022,0,0,0,0,0,0.2898,0,0,0.013,0,0.0094,0.1143,0.0061,0.4675,0.0475,0,0.0296,0,0,0,0,0,0,0.0148,0,0,0,0,0,0,0,0,0
55029,0,0.0029,0.0022,0,0,0,0,0,0,0,0.0033,0.4376,0,0,0,0,0,0.3632,0,0,7e-4,0,0.0182,0.0159,0.0204,0.0194,0.1127,0,0.0014,0,0,0.0011,0,0,0,0.001,0,0,0,0,0,0,0,0,0
55032,0,0,0,0,0,0,0,0,0,0,0,0,0,0,0,0,0,0.002,0,0,0,0,0.0061,0.0128,0.0102,0.1727,0.0135,0,0.0018,0,0,0,0,0,0,0.7451,0,0,0,0,0.0357,0,0,0,0
56001,0,0.0137,1e-4,0,0,0,0.0017,0,3e-4,0,0.0052,0.0672,0,0,0,0,0,0.4616,0,0,0.0067,0,0.0145,0.0562,0.0096,0.1917,0.1419,0,0.0046,0,0,0.0015,0,0,0,0.0204,0,0,0,0,0.0032,0,0,0,0
56002,0,0.1781,0.025,0,0,0,0.0039,0,9e-4,0,0.0078,0.001,0,0,0,0,0,0.2237,0,0,0,0,0.038,0.1123,0.0462,0.1516,0.1833,0,0.0047,0,0,0.0012,0,0,0,0.0222,0,0,0,0,0,0,0,0,0
56007,0,0,0,0,0,0,0,0,0,0,0,0,0,0,0,0,0,0.4124,0,0,0,0,0,0,0,0.4753,0.1123,0,0,0,0,0,0,0,0,0,0,0,0,0,0,0,0,0,0
56012,0,0,0,0,0,0,0,0,0,0,0,0.0383,0,0,0,0,0,0.2288,0,0,0.0148,0,0.0185,0.1357,0.0031,0.039,0.4197,0,0.0263,0,0,0.0023,0,0,0,0.0735,0,0,0,0,0,0,0,0,0
56013,0,0,0,0,0,0,0,0,0,0,0,0,0,0,0,0,0,0.481,0,0,0,0,0,0.0041,0.0058,0.4753,0.0236,0,0,0,0,0,0,0,0,0.0102,0,0,0,0,0,0,0,0,0
57004,0,0.1312,0.0197,0,0,0,0.014,0.0045,0,0.0035,0.0105,0,0,0,0,0,0,0.1717,0,0,0.0818,0,0.0585,0.1338,0.0298,0.2068,0.0409,0,0.0433,0,0,0,0,0,0,0.0498,0,0,0,0,0,0,0,0,0
57005,0,0.1249,0.0103,4e-4,0,0,0.0092,0.001,0,0.0037,0.0062,0,0,0,0,0,0,0.1727,0,0,0.0326,0,0.0369,0.1576,0.0168,0.2376,0.0617,0,0.0382,0,0,0,0,0,0,0.085,0,0,0,0,0.0051,0,0,0,0
57006,0,0.1673,0,0,0,0,0.0021,0,0,0,0.0082,0,0,0,0,0,0,0.0933,0,0,0,0,0.0055,0.2369,0.0122,0.2967,0.1178,0,0.0599,0,0,0,0,0,0,0,0,0,0,0,0,0,0,0,0
57007,0,0.0919,0.012,9e-4,0,0,0.0113,0,0,0.0068,0.004,0,0,0,0,0,0,0.1356,0,0,0.0324,0,0.0321,0.1229,0.0168,0.2755,0.052,0,0.0221,0,0,0,0,0,0,0.1716,0,0,0,0,0.012,0,0,0,0
57008,0,0.1751,0.0151,5e-4,0,0,0.0062,0.0015,4e-4,0.0018,0.0111,0.0674,0,0,0,0,0,0.4272,0,0,0.0022,0,0.0419,0.0354,0.0108,0.1156,0.0702,0,0.0069,0,0,0,0,0,0,0.0107,0,0,0,0,0,0,0,0,0
57009,0,0.1143,0.0161,0,0,0,0.0092,0.0039,0,0,0.026,0.0139,0,0,0,0,0,0.7082,0,0,0,0,0.0329,0.0423,0.0075,0.0091,0.0166,0,0,0,0,0,0,0,0,0,0,0,0,0,0,0,0,0,0
58001,0,0.1215,0.0041,0,0,0,0.0012,0,0,0.0079,0.001,0.0076,0,0,0,0,0,0.4157,0,0,0,0,0.0397,0.1039,0.014,0.2236,0.0279,0,0.0319,0,0,0,0,0,0,0,0,0,0,0,0,0,0,0,0
58002,0,0.0128,0.0082,0,0,0,0.018,0,0,0,0,0,0,0,0,0,0,0.1501,0,0,0.0085,0,0.0093,0.1903,0.1394,0.3807,0.0312,0,0.032,0,0,0,0,0,0,0.0167,0,0,0,0,0.0027,0,0,0,0
58006,0,0,0,0,0,0,0,0,0,0,0,0,0,0,0,0,0,0.1394,0,0,0,0,0,0.0618,0.0333,0.6811,0.0161,0,0.0186,0,0,0,0,0,0,0.0457,0,0,0,0,0.004,0,0,0,0
58008,0,0.0318,0,0,0,0,0.0509,0,0,0,0,0,0,0,0,0,0,0.2593,0,0,0.0366,0,0.0447,0.047,0.2335,0.195,0.0853,0,0.0159,0,0,0,0,0,0,0,0,0,0,0,0,0,0,0,0
58009,0,0.1055,0.0428,0,0,0,0.0422,0,0.0082,0,0.0199,0.0191,0,0,0,0,0,0.6647,0,0,0,0,0.004,0.0055,0,0.0378,0.0503,0,0,0,0,0,0,0,0,0,0,0,0,0,0,0,0,0,0
58010,0,0,0,0,0,0,0,0,0,0,0,0,0,0,0,0,0,0,0,0,0,0,0,0,0,0.7269,0,0,0,0,0,0,0,0,0,0.2731,0,0,0,0,0,0,0,0,0
58012,0,0.0466,0.0159,0,0,0,0,0,0,0,0,0,0,0,0,0,0,0.176,0,0,0,0,0.0299,0.4605,0.0256,0.1372,0.0153,0,0.0931,0,0,0,0,0,0,0,0,0,0,0,0,0,0,0,0
59001,0,0.0528,0.0016,0,0,0,0.0207,0,0,0,0.0036,0.0021,0,0,0,0,0,0.241,0,0,0.0175,0,0.0576,0.0453,0.0297,0.4636,0.0616,0,0.003,0,0,0,0,0,0,0,0,0,0,0,0,0,0,0,0
60002,0,0,0,0,0,0,0,0,0,0,0,0.0022,0,0,0,0,0,0.6058,0,0,0,0,0.0119,0.1335,0.0798,0.1164,0.0371,0,0.0093,0,0,0,0,0,0,0.004,0,0,0,0,0,0,0,0,0
60003,0,0.0061,0,0,0,0,0,0,0,0,0,0.0075,0,0,0,0,0,0.955,0,0,0,0,0.0119,6e-4,0.0176,5e-4,0.001,0,0,0,0,0,0,0,0,0,0,0,0,0,0,0,0,0,0
60005,0,0.002,0,0,0,0,0,0,0,0,0,0.0149,0,0,0,0,0,0.4331,0,0,0,0,0,0.338,0.0925,0.0729,0.0281,0,0.0157,0,0,0,0,0,0,0.0028,0,0,0,0,0,0,0,0,0
60006,0,4e-4,0,0,0,0,0,0,0,0,0.0023,0.0037,0,0,0,0,0,0.7804,0,0,0,0,0.0195,0.065,0.1208,0.002,0.0021,0,0.004,0,0,0,0,0,0,0,0,0,0,0,0,0,0,0,0
60010,0,0.0013,0,0,0,0,0,0,0,0,0.0017,0.003,0,0,0,0,0,0.5876,0,0,0.0037,0,0.0093,0.1269,0.047,0.1048,0.0796,0,0.0194,0,0,0,0,0,0,0.0141,0,0,0,0,0.0016,0,0,0,0
60012,0,0,0,0,0,0,0,0,0,0,0,0,0,0,0,0,0,0.4689,0,0,0,0,0,0.0401,0,0.4555,0.0031,0,0.0324,0,0,0,0,0,0,0,0,0,0,0,0,0,0,0,0
6007,0,0.0011,8e-4,0,0,0,0,0,3e-4,1e-4,0,0.0061,0,0,0,0,0,0.0323,0,0,0.011,0,0.0206,0.162,0.0076,0.0927,0.1584,0,0.0239,0,0.0025,0.0486,0,0,0,0.3705,0,0,0,3e-4,0.0612,0,0,0,0
6008,0,0,0,0,0,0,0,0,0,0,0,0,0,0,0,0,0,0.0594,0,0,0.0299,0,0.0105,0.2167,0.0185,0.0053,0.2514,0,0.0605,0,0,0.0285,0,0,0,0.3034,0,0,0,0,0.016,0,0,0,0
61001,0,0.0041,0,0,0,0.0025,0,0.0018,0,0,0,0.1525,0,0,0,0,0,0.7619,0,0,0.002,0,0.0275,0.0123,0,0.0027,0.0247,0,0.0079,0,0,0,0,0,0,0,0,0,0,0,0,0,0,0,0
61002,0,0,0,0,0,0,0,0,0,0,0,0.0334,0,0,0,0,0,0.7823,0,0,0,0,0.0152,0.025,0.0257,0.0835,0.0302,0,0,0,0,0,0,0,0,0,0,0,0,0,0.0047,0,0,0,0
62001,0,0.0051,0,0,0,0,3e-4,0,0,0,3e-4,0.0099,0,0,0,0,0,0.8075,0,0,3e-4,0,0.0126,0.0406,0.0118,0.0803,0.0121,0,0.0086,0,0,0,0,0,0,0.0102,0,0,0,0,3e-4,0,0,0,0
63001,0,0.0015,0.0022,0,0,0,0.0023,0,0,0,0,0.0021,0,0,0,0,0,0.5319,0,0,0,0,0.002,0.09,0.064,0.1735,0.0385,0,0.0346,0,0,0,0,0,0,0.0573,0,0,0,0,0,0,0,0,0
63004,0,0,0.0119,0,0,0,0.0122,0,0,0,0,0,0,0,0,0,0,0.0031,0,0,0,0,0,0.1674,0,0.3596,0.1483,0,0.0978,0,0,0,0,0,0,0.1997,0,0,0,0,0,0,0,0,0
64001,0,1e-4,0,0,0,0,0,0,0,0,7e-4,0.0017,0,0,0,0,0,0.2981,0,0,0.0014,0,0.0157,0.2107,0.0071,0.2975,0.1195,0,0.0165,0,0,0.0019,0,0,0,0.0286,0,0,0,0,5e-4,0,0,0,0
64002,0,0,0,0,0,0,0,0,0,0,0,0,0,0,0,0,0,0.1829,0,0,0,0,0.0284,0.1203,0,0.3137,0.2752,0,0.036,0,0.0312,0,0,0,0,0.0053,0,0,0,0,0.0069,0,0,0,0
64006,0,0,0,0,0,0,0,0,0,0,0,0.0051,0,0,0,0,0,0.3738,0,0,0.0151,0,0.0096,0.0709,0.0263,0.4368,0.0516,0,6e-4,0,0,0,0,0,0,0.0102,0,0,0,0,0,0,0,0,0
65001,0,0,0,0,0,0,0,0,0,0,0,0,0,0,0,0,0,0.013,0,0,0,0,0.0231,0.0885,0.0116,0.2572,0.4551,0,0.0139,0,0,0.1167,0,0,0,0.0024,0,0,0,0,0.0185,0,0,0,0
65004,0,0,0,0,0,0,0.0033,0,0,0,0,0,0,0,0,0,0,0.3205,0,0,0,0,0.0221,0.0865,0,0.2693,0.1964,0,0,0,0,0.0518,0,0,0,0.0301,0,0,0,0,0.0199,0,0,0,0
65005,0,0,0,0,0,0,0,0,0,0,0,0,0,0,0,0,0,0.6836,0,0,0,0,0,0.0994,0,0.059,0.0746,0,0.0544,0,0,0.029,0,0,0,0,0,0,0,0,0,0,0,0,0
65006,0,0.0253,0,0,0,0,0.0421,0,0,0,0,0,0,0,0,0,0,0.2496,0,0,0,0,0.0267,0.0085,0,0.2098,0.2718,0,0,0,0.005,0.1397,0,0,0,0,0,0,0,0,0.0217,0,0,0,0
65007,0,0,0,0,0,0,0,0,0,0,0,0,0,0,0,0,0,0.1681,0,0,0,0,0,0,0,0.6106,0.1743,0,0,0,0,0.0392,0,0,0,0,0,0,0,0,0.0079,0,0,0,0
65008,0,0,0,0,0,0,0,0,0,0,0,0,0,0,0,0,0,0,0,0,0,0,0,0,0,0.3155,0.2641,0,0,0,0.0058,0.4146,0,0,0,0,0,0,0,0,0,0,0,0,0
66001,0,0.0091,0.0025,0,0,0,0.0059,0,0,0,0.0059,0.0834,0,0,0,0,0,0.7235,0,0,1e-4,0,0.0221,0.0715,0.0152,0.0184,0.0367,0,0.0056,0,0,0,0,0,0,0,0,0,0,0,0,0,0,0,0
66004,0,0.0054,0,0,0,0,0.0249,0,0,0,0.0049,0.2058,0,0,0,0,0,0.6304,0,0,6e-4,0,0.0319,0,0.0305,0.0065,0.0591,0,0,0,0,0,0,0,0,0,0,0,0,0,0,0,0,0,0
66006,0,0,0,0,0,0,0,0,0,0,0,0.0014,0,0,0,0,0,0.7558,0,0,0,0,0.0037,0.0142,0,0.0469,0.1743,0,0,0,0,0,0,0,0,0,0,0,0,0,0.0038,0,0,0,0
66011,0,0,0,0,0,0,0.0022,0,0,0,0,0,0,0,0,0,0,0.2163,0,0,0,0,0.0162,0.0827,0.06,0.1618,0.2808,0,0.0183,0,0.0033,0.0265,0,0,0,0.1295,0,0,0,0,0.0023,0,0,0,0
67001,0,0.003,0,0,0,0,0,0,0,0,0.0028,8e-4,0,0,0,0,0,0.2918,0,0,0,0,0.0021,0.093,0.0026,0.0503,0.3434,0,0.0167,0,0,0.0143,0,0,0,0.1492,0,0,0,0,0.03,0,0,0,0
67005,0,0.003,9e-4,0,0,0,0,0,0,0,0.0055,0.0176,0,0,0,0,0,0.4216,0,0,0,0,0.0114,0.055,0.0116,0.2663,0.1091,0,0.016,0,0,0,0,0,0,0.082,0,0,0,0,0,0,0,0,0
67006,0,0.0015,0,0,0,0,0,0,0,0,0,0.0078,0,0,0,0,0,0.4736,0,0,0,0,0.0087,0.141,0,0.1412,0.1297,0,0.0395,0,0,0,0,0,0,0.0267,0,0,0,0,0.0304,0,0,0,0
67008,0,0.0542,0.0104,0,0,0,0.0106,0,2e-4,0,0.0107,0.1464,0,0,0,0,0,0.5367,0,0,0,0,0.055,0.053,0.0121,0.0533,0.0526,0,0.0014,0,0,0,0,0,0,0.0033,0,0,0,0,0,0,0,0,0
67010,0,0,0,0,0,0,0,0,0,0,0,0,0,0,0,0,0,0,0,0,0,0,0,0,0,0.1245,0.628,0,0,0,0,0,0,0,0,0.2475,0,0,0,0,0,0,0,0,0
67015,0,0.0083,0.001,0,0,0,0,4e-4,0,3e-4,0.0056,0.018,0,0,0,0,0,0.4053,0,0,0,0,0.0137,0.096,0.0043,0.1292,0.1984,0,0.0217,0,0.001,0.0037,0,0,0,0.0797,0,0,0,0,0.0134,0,0,0,0
67018,0,0,0,0,0,0,0,0,0,0,0,0,0,0,0,0,0,0.203,0,0,0,0,0.0105,0.1976,0,0.0481,0.3421,0,0.0254,0,0,0.0082,0,0,0,0.165,0,0,0,0,0,0,0,0,0
67025,0.005,0.1695,0.0459,0,0,0,0.0103,0,0.0037,0.0111,0.0183,0.1687,0,0,0,0,0,0.4171,0,0,0,0,0.0132,0.0086,0,0.0136,0.1151,0,0,0,0,0,0,0,0,0,0,0,0,0,0,0,0,0,0
67033,5e-4,0.0284,0.0063,0,0,0,0.0024,2e-4,2e-4,8e-4,0.0099,0.1062,0,0,0,0,0,0.4882,0,0,0,0,0.0181,0.0624,0.0045,0.0798,0.1244,0,0.0123,0,5e-4,0.0021,0,0,0,0.0452,0,0,0,0,0.0075,0,0,0,0
68001,9e-4,0.0447,0.0081,0.0013,0,0,0.0017,0,0,0,0.0213,0.285,0,0,0,0,0,0.6098,0,0,0,0,0.0197,0.0016,0.0038,0,0,0,0,0,0,0,0,0,0,0,0,0,0,0,0.0021,0,0,0,0
68003,0.0014,0.0809,0.0106,0,0,0,0.0038,6e-4,0,0,0.0086,0.2037,0,0,0,0,0,0.5938,0,0,0,0,0.0158,0.0024,0.001,0.0169,0.0133,0,0.0013,0,0,0,0,0,0,0.045,0,0,0,0,0.001,0,0,0,0
68004,0.0065,0.1517,0.0356,0.0086,0,0,0.0031,0,0,0,0.0479,0.3973,0,0,0,0,0,0.3348,0,0,0,0,0.0146,0,0,0,0,0,0,0,0,0,0,0,0,0,0,0,0,0,0,0,0,0,0
68005,0,0.0077,0.0022,0,0,0,0,0,0,0,0.0266,0.2416,0,0,0,0,0,0.7001,0,0,0,0,0.012,0.0024,0.0053,0,0,0,0,0,0,0,0,0,0,0,0,0,0,0,0.002,0,0,0,0
68020,0,0.0182,3e-4,0,0,0,0,0,0,0,0.0116,0.3504,0,0,0,0,0,0.5816,0,0,0,0,0.0107,0.0076,0.0195,0,0,0,0,0,0,0,0,0,0,0,0,0,0,0,0,0,0,0,0
69002,0.0033,0.2573,0.0197,2e-4,0,0,0.0069,0.0012,0.0024,0.0277,0.0296,0.0288,0,0,0,0,0,0.313,0,0,0.0033,0,0.0245,0.006,7e-4,0.1165,0.0578,0,0.0024,0,0,0,0,0,0,0.0899,0,0,0,0,0.0088,0,0,0,0
69007,0.0117,0.2325,0.0196,0.0021,0,4e-4,0.0017,0,0,0.0376,0.0318,0.0028,0,0,0,0,0,0.3,0,0,0.0046,0,0.0259,0.011,0,0.0628,0.0826,0,0.0025,0,0,0,0,0,0,0.1627,0,0,0,0,0.0077,0,0,0,0
69012,0,0.2295,0.0181,0,0,0,0.0073,0,0,0.0048,0.0463,0.0095,0,0,0,0,0,0.5989,0,0,0,0,0.012,0.052,0,0.0012,0.0197,0,0,0,0,0,0,0,0,6e-4,0,0,0,0,0,0,0,0,0
69015,0,0.073,0,0,0,0,0,0,0,0,0.0017,0.0042,0,0,0,0,0,0.2145,0,0,0.0019,0,0.031,0.0088,0,0.0815,0.192,0,0.0068,0,0,0,0,0,0,0.3692,0,0,0,0,0.0153,0,0,0,0
69017,0,0.0652,0,0,0,0,0.0025,0,0,0,0.0222,0,0,0,0,0,0,0.5645,0,0,0.0149,0,0.0259,0.0325,0,0.0973,0.0736,0,0,0,0,0,0,0,0,0.0958,0,0,0,0,0.0056,0,0,0,0
69023,0.0053,0.2654,0.0168,0,0,0,0.0129,0,0.0054,0.0095,0.0155,0.0411,0,0,0,0,0,0.2995,0,0,0,0,0.0123,0,0,0.1526,0.0666,0,0,0,0,0,0,0,0,0.0847,0,0,0,0,0.0124,0,0,0,0
69027,0.0225,0.2386,0.0259,0,0,0,0.0045,0,0,0.0461,0.0153,0.0051,0,0,0,0,0,0.2251,0,0,0,0,0.0188,0,0,0.0746,0.0675,0,0.0044,0,0,0,0,0,0,0.2447,0,0,0,0,0.0068,0,0,0,0
69030,0,0.2806,0.0541,0,0,0,6e-4,0.0057,0,0.0189,0.0513,0.5557,0,0,0,0,0,0.0188,0,0,0,0,0.004,6e-4,9e-4,0,0,0,0.0055,0,0,0,0,0,0,0,0,0,0,0,0.0032,0,0,0,0
69032,0.0085,0.4396,0.0994,0.0051,0,0,0,0,0,0.072,0.0665,0.2751,0,0,0,0,0,0,0,0,0,0,0.0106,0.0019,0.0054,0,0,0,0,0,0,0,0,0,0,0.0124,0,0,0,0,0.0036,0,0,0,0
69043,0.0228,0.5394,0.0717,0,0,0,0,0,0,0.112,0.0727,0.0151,0,0,0,0,0,0.1455,0,0,0,0,0.0161,0,0,0,0,0,0,0,0,0,0,0,0,0,0,0,0,0,0.0047,0,0,0,0
70002,0,0.21560000000000001,0.048,0,0,0,0.004,0,0,0.0127,0.0375,0.4238,0,0,0,0,0,0.1136,0,0,0.0056,0,0.0448,0.0014,0.0014,0.0177,0,0,0.0041,0,0,0,0,0,0,0.0557,0,0,0,0,0.0142,0,0,0,0
7001,0,6e-4,0,0,0,0,0,0,0,0,0,0,0,0,0,0,0,0.045,0,0,0.0017,0,9e-4,0.0744,0.0049,0.0611,0.2065,0,0.0069,0,0,0.0029,0,0,0,0.5931,0,0,0,0,0.002,0,0,0,0
7002,0,3e-4,0,0,0,0,0,0,0,0,0,0.0036,0,0,0,0,0,0.0508,0,0,0.0042,0,0.0076,0.1048,0.0152,0.0372,0.2723,0,0.0114,0,0,0.0024,0.0039,0,0,0.4824,0,0,0,0,0.004,0,0,0,0
7003,0,6e-4,0.0063,0,0,0,0,0,0.0029,0,0,0.0653,0,0,0,0,0,0.245,0,0,0.0022,0,0.0213,0.3718,0.0034,0.0173,0.1397,0,0.0371,0,0,0,0,0,0,0.0859,0,0,0,0,0.0012,0,0,0,0
7005,0,0,0,0,0,0,0,0,0,0,0,0,0,0,0,0,0,0.0495,0,0,0,0,0.0031,0.0824,0.0086,0.0128,0.4423,0,0.0104,0,0,0.0041,0.0187,0,0,0.3543,0,0,0,0,0.0138,0,0,0,0
7006,0,0,0,0,0,0,0,0,0,0,0,0,0,0,0,0,0,0.0073,0,0,0,0,0,0.5692,0,0,0.1219,0,0,0,0,0,0,0,0,0.3016,0,0,0,0,0,0,0,0,0
71001,0,0.0537,0.006,0,0,9e-4,0.0039,0,0,0.0029,0.009,0.004,0,0,0,0,0,0.5673,0,0,0.002,0,0.0111,0.0227,0.0038,0.1074,0.0849,0,0.0018,0,9e-4,0.0072,0,0,0,0.1086,0,0,0,0,0.002,0,0,0,0
71004,0,0.1505,0.0191,0,0,0,0.0017,0,0,0.0104,0.0174,0.005,0,0,0,0,0,0.5059,0,0,0.0059,0,0.0176,0.0022,0,0.0994,0.0745,0,0,0,0,0,0,0,0,0.0896,0,0,0,0,9e-4,0,0,0,0
71006,0,0.0181,0.0016,0,0,0,0.0073,0,0,0,0.0038,0.005,0,0,0,0,0,0.605,0,0,0,0,0.0056,0.0167,9e-4,0.1244,0.0962,0,0.0029,0,0.0024,0.0184,0,0,0,0.0917,0,0,0,0,0,0,0,0,0
71008,0,0.0012,0,0,0,0,3e-4,0,0,0,0.0014,0.0013,0,0,0,0,0,0.4567,0,0,0,0,0.0029,0.058,0.0116,0.1388,0.1073,0,0.003,0,0,0,0,0,0,0.2129,0,0,0,0,0.0044,0,0,0,0
71014,0.019,0.1936,0.0296,0.0018,0,0.004,0.0019,0,0,0.0147,0.0257,0,0,0,0,0,0,0.5232,0,0,0,0,0.0351,0,0.0145,0.039,0.0279,0,0,0,0,0,0,0,0,0.0669,0,0,0,0,0.0032,0,0,0,0
72002,0,0.0178,0,0,0,0,9e-4,0,0,0,0.0117,0.0228,0,0,0,0,0,0.6757,0,0,0,0,0.0183,0.0018,0.0065,0.0275,0.0115,0,0,0,0,0,0,0,0,0.2002,0,0,0,0,0.0054,0,0,0,0
72004,0,0.0041,0,0.0022,0,0,9e-4,0,0,0,0.0031,0.0013,0,0,0,0,0,0.4127,0,0,0,0,0.0089,0.0111,0.0041,0.1828,0.182,0,0.0024,0,0.0018,0.0315,0,0,0,0.1514,0,0,0,0,0,0,0,0,0
72005,0,0.0045,0,0.0098,0,0,0.0024,0,0,0,0,0,0,0,0,0,0,0.3113,0,0,0,0,0.0033,0.0088,0,0.3706,0.1964,0,0.0066,0,6e-4,0.0116,0,0,0,0.0739,0,0,0,0,0,0,0,0,0
72007,0,3e-4,0,0,0,0,0,0,0,0,0.0124,0.0086,0,0,0,0,0,0.748,0,0,0,0,0.0358,0.013,0,0.0846,0.0184,0,0,0,0,0,0,0,0,0.0789,0,0,0,0,0,0,0,0,0
72009,0,0.0044,0,0,0,0,1e-4,0,0,0,0.0038,0.0025,0,0,0,0,0,0.5416,0,0,0,0,0.0159,0.0047,0.0022,0.0961,0.1279,0,0.0036,0,0.0116,0.0344,0,0,0,0.1513,0,0,0,0,0,0,0,0,0
72014,0,0.0079,0.0093,0,0,0,0,0,0,0,0.0162,0,0,0,0,0,0,0.7526,0,0,0,0,0.0314,0.0017,0.0155,0.0351,0,0,0,0,0,0,0,0,0,0.1303,0,0,0,0,0,0,0,0,0
72015,0,0.007,0,0.0132,0,0,0.0038,0,0,0,0,0,0,0,0,0,0,0.3229,0,0,0,0,0,0.0138,0,0.3395,0.2114,0,0.0029,0,0.001,0.0139,0,0,0,0.0708,0,0,0,0,0,0,0,0,0
73005,0,0.0421,0,0,0,0,0.0011,0,0,0.0033,0.0047,0,0,0,0,0,0,0.4975,0,0,0.0032,0,0.0098,0.0026,0.0038,0.2148,0.1797,0,0.0011,0,0,0.0274,0,0,0,0.0089,0,0,0,0,0,0,0,0,0
73009,0,0,0,0,0,0,0,0,0,0,0,0,0,0,0,0,0,0.2754,0,0,0,0,0.0182,0,0,0.3803,0.2396,0,0,0,0,0.0764,0,0,0,0.0101,0,0,0,0,0,0,0,0,0
73010,0,0.0179,0,0,0,0,0,0,0,0,0.0015,0,0,0,0,0,0,0.1782,0,0,6e-4,0,0.0789,0.0357,0.1247,0.2128,0.2258,0,0.0083,0,0.0032,0.0427,0,0,0,0.0016,0,0,0,0,0.0681,0,0,0,0
73011,0,0,0,0,0,0,0,0,0,0,0,0,0,0,0,0,0,0.6204,0,0,0,0,0.0098,0.0084,0,0.213,0.1376,0,0.0035,0,0,0,0,0,0,0.0073,0,0,0,0,0,0,0,0,0
73014,0,0,0,0,0,0,0,0,0,0,0,0,0,0,0,0,0,0.0898,0,0,0,0,0.1201,0,0.0431,0.4311,0.2231,0,0,0,0.0069,0.0806,0,0,0,0.0053,0,0,0,0,0,0,0,0,0
73015,0,0,0,0,0,0,7e-4,0,0,0,0.014,0,0,0,0,0,0,0.8846,0,0,0,0,0.009,0.0203,0.0524,0,0,0,0.0053,0,0,0.0137,0,0,0,0,0,0,0,0,0,0,0,0,0
74001,0,0,0,0,0,0,0,0,0,0,0,0.0121,0,0,0,0,0,0.0655,0,0,0,0,0.0424,0.0253,0.0305,0.5177,0.1489,0,0.0381,0,0,0.0659,0,0,0,0.0507,0,0,0,0,0.0029,0,0,0,0
74005,0,0.0452,7e-4,0,0,0,0.0079,0,0,0,0.0052,0.0093,0,0,0,0,0,0.4721,0,0,0.0014,0,0.0264,0.0587,0.0057,0.1348,0.1162,0,0.0405,0,0.0117,0.0405,0,0,0,0,0,0,0,0,0.0236,0,0,0,0
74006,0,0,0.0032,0,0,0,0,0,0,0,0,0.0198,0,0,0,0,0,0.2067,0,0,0,0,0.0173,0.0387,0.0021,0.5855,0.085,0,2e-4,0,0,0.0289,0,0,0,0.0125,0,0,0,0,0,0,0,0,0
74007,0,0,0,0,0,0,0,0,0,0,0,0,0,0,0,0,0,0.0788,0,0,0,0,0.0302,0.0054,0.0087,0.5208,0.1973,0,0.0067,0,0.0422,0.0598,0,0,0,0.0451,0,0,0,0,0.005,0,0,0,0
75003,0,0.0052,0,0,0,0,0,0,0,0,0.0021,0,0,0,0,0,0,0.2097,0,0,0,0,0.0361,0.0372,0.0329,0.2979,0.194,0,0.009,0,0.0034,0.0987,0,0,0,0.0353,0,0,0,0,0.0384,0,0,0,0
75004,0,0,0,0,0,0,0,0,0,0,0,0,0,0,0,0,0,0.267,0,0,0,0,0.0367,0.0309,0,0.2578,0.2649,0,0.0159,0,0.0173,0.059,0,0,0,0.0138,0,0,0,0,0.0367,0,0,0,0
75017,0,0.0097,0,0,0,0,0.0013,0,0,0,0.0034,0.1342,0,0,0,0,0,0.7446,0,0,0,0,0,0.0034,0,0.085,0.0148,0,0,0,0,0.001,0,0,0,0,0,0,0,0,0.0026,0,0,0,0
76003,0,0.0166,0.0037,0,0,0,0.0028,0,0,0,0.0063,0.0347,0,0,0,0,0,0.3086,0,0,0,0,0.0206,0.0166,0.0051,0.2413,0.1963,0,0.0017,0,0.0016,0.0828,0,0,0,0.0289,0,0,0,0,0.0322,0,0,0,0
76005,0,0.0045,0,0,0,0,0.003,0,0,0,0.0038,0.0312,0,0,0,0,0,0.5435,0,0,0,0,0.0056,0.0144,0.0044,0.1807,0.1218,0,0.0041,0,9e-4,0.0307,0,0,0,0.0514,0,0,0,0,0,0,0,0,0
76007,3e-4,0.0131,0.0016,0,0,7e-4,0.0018,0,0,1e-4,0.007,0.088,0,0,0,0,0,0.4774,0,0,5e-4,0,0.009,0.042,0.0115,0.1428,0.1015,0,0.0118,0,6e-4,0.0334,0,0,2e-4,0.0506,0,0,0,3e-4,0.0059,0,0,0,0
76008,0,0.0067,0,0,0,3e-4,0.0018,0,0,0,0.0103,0.0319,0,0,0,0,0,0.3286,0,0,0,0,0.0075,0.1797,0.0131,0.1017,0.0841,0,0.0634,0,0,0,0,0,0,0.1701,0,0,0,0,8e-4,0,0,0,0
76011,0,0,0,0,0,0,0,0,0,0,0,0,0,0,0,0,0,0,0,0,0,0,0,0.9576,0,0,0,0,0.0424,0,0,0,0,0,0,0,0,0,0,0,0,0,0,0,0
76014,0,0.0099,0,0,0,0,0.0058,0,0,0,0,0,0,0,0,0,0,0.2296,0,0,0,0,0,0,0,0.2724,0.2961,0,0,0,0,0.0389,0,0,0,0.1473,0,0,0,0,0,0,0,0,0
77002,0,0.0026,0,0,0,0,0,0,0,0,7e-4,0.0059,0,0,0,0,0,0.0954,0,0,0,0,0.0113,0.286,5e-4,0.3488,0.078,0,0.142,0,0,0.0014,0,0,0,0.0267,0,0,0,0,7e-4,0,0,0,0
77003,0,0.0014,0,0,0,0,0,0,0,0,0,0.0145,0,0,0,0,0,0.1379,0,0,0,0,0.0147,0.2573,0.0044,0.4063,0.0174,0,0.0931,0,0,0,0,0,0,0.0528,0,0,0,0,0,0,0,0,0
77004,0,0.01,0,0,0,0,0,0,0,0,0,0.0654,0,0,0,0,0,0.5727,0,0,0,0,0.0173,0.1045,0.0195,0.0957,0.089,0,0.0215,0,0,0,0,0,0,0.0046,0,0,0,0,0,0,0,0,0
78003,0,0.0055,6e-4,0.0086,0,0,8e-4,0,0,0,0.0072,0.0932,0,0,0,0,0,0.3195,0,0,6e-4,0,0.0086,0.2173,0.0017,0.175,0.0865,0,0.0605,0,0,0.0017,0,0,0,0.0102,0,0,0,0.0013,0.0012,0,0,0,0
78004,0,0,0,0,0,0,0,0,0,0,0.0135,0.0303,0,0,0,0,0,0.1983,0,0,0,0,0.0169,0.2776,0,0.3087,0.0594,0,0.0523,0,0,0,0,0,0,0.043,0,0,0,0,0,0,0,0,0
78006,0,0.0063,0,0.0255,0,0,0.0013,0,0,0,0.0042,0.0111,0,0,0,0,0,0.1095,0,0,0,0,0.0054,0.3195,0.0016,0.2797,0.1437,0,0.0746,0,0,0.0048,0,0,0,0.0115,0,0,0,0,0.0014,0,0,0,0
79002,0,0.0047,0,0,0,0,0.0125,0,0,0,0.002,0.0246,0,0,0,0,0,0.2656,0,0,0,0,0.0064,0.1312,0.012,0.1096,0.3221,0,0.0175,0,0,0.0037,0,0,0,0.0877,0,0,0,0,5e-4,0,0,0,0
79003,0,0.0074,0,0,0,0,0.0557,0,0,0,0,0.0025,0,0,0,0,0,0.29,0,0,0,0,0,0.204,0,0.1357,0.1964,0,0.019,0,0,0.0119,0,0,0,0.0749,0,0,0,0,0.0025,0,0,0,0
79004,0,0,0,0,0,0,0,0,0,0,0,0.0042,0,0,0,0,0,0.1538,0,0,0,0,0.0134,0.1443,0.006,0.2025,0.4054,0,0.0247,0,0,0.0027,0,0,0,0.0429,0,0,0,0,0,0,0,0,0
79005,0,0.0012,0,0,0,0,0.0011,0,0,0,0,0.0802,0,0,0,0,0,0.3346,0,0,0.0024,0,0.0053,0.1921,0.0089,0.1266,0.1923,0,0.0405,0,0,0,0,0,0,0.0136,0,0,0,0,0.0013,0,0,0,0
79006,0,0.0064,0,0,0,0,0.0212,0,0,0,0.0018,0.0034,0,0,0,0,0,0.2222,0,0,0,0,0.0024,0.1294,0.0088,0.0897,0.3661,0,0.0168,0,0,0.0048,0,0,0,0.1263,0,0,0,0,8e-4,0,0,0,0
80001,0,0.0018,0,0,0,0,0,0,0,0,7e-4,0.0636,0,0,0,0,0,0.4157,0,0,0.0422,0,0.0033,0.1674,0.0172,0.0672,0.0903,0,0.0511,0,0,0.0013,0,0,0,0.0723,0,0,0,0,0.0058,0,0,0,0
80002,0,0.0011,0,0,0,0,0,0,0,0,0,0.0053,0,0,0,0,0,0.1262,0,0,0.011,0,0.0136,0.3717,0.0046,0.1029,0.2018,0,0.0661,0,0,0.0117,0,0,0,0.0655,0,0,0,0,0.0186,0,0,0,0
80003,0,0,0,0,0,0,0,0,0,0,0,0,0,0,0,0,0,0,0,0,0,0,0,0.1711,0,0,0.7937,0,0.0353,0,0,0,0,0,0,0,0,0,0,0,0,0,0,0,0
80004,0,0,0,0,0,0,0,0,0,0,0,0,0,0,0,0,0,0,0,0,0,0,0,0.6398,0,0,0.3295,0,0.0307,0,0,0,0,0,0,0,0,0,0,0,0,0,0,0,0
80005,0,0,0,0,0,0,0,0,0,0,0,0,0,0,0,0,0,0,0,0,0,0,0,0,0,0,0.9952,0,0,0,0,0,0,0,0,0.0048,0,0,0,0,0,0,0,0,0
80006,0,0,0,0,0,0,0,0,0,0,0,0,0,0,0,0,0,0,0,0,0,0,0,0.2578,0,0,0.6241,0,0.0325,0,0,0.014,0,0,0,0.0102,0,0,0,0,0.0613,0,0,0,0
8004,0,5e-4,0,0,0,0,0,0,0,0,0,0.0031,0,0,0,0,0,0.0899,0,0,0,0,0.0212,0.0848,0.0035,0.051,0.4103,0,0.0137,0,0,0.0966,5e-4,0,0,0.2231,0,0,0,0,0.0018,0,0,0,0
8005,0,0.0038,0,0,0,0,0,0,0,0,0.0022,3e-4,0,0,0,0,0,0.046,0,0,0.0028,0,0.0189,0.1202,0.0117,0.0499,0.3011,0,0.0135,0,0,0.086,4e-4,0,0.0056,0.3301,0,0,0,3e-4,0.0072,0,0,0,0
8006,0,0.0034,0.0016,0,0,0,1e-4,0,0,0,0.0012,0.0106,0,0,0,0,0,0.0969,0,0,0.0025,0,0.0211,0.1529,0.0099,0.0425,0.3253,0,0.0154,0,0,0.0615,0.0012,0,0.0025,0.2477,0,0,0,1e-4,0.0035,0,0,0,0
8009,0,0.0014,0.001,0,0,0,0,0,0,0,0,0.0016,0,0,0,0,0,0.0571,0,0,0.0048,0,0.0052,0.142,0.0125,0.0194,0.3897,0,0.018,0,0,0.0128,0,0,0,0.3344,0,0,0,0,0,0,0,0,0
8011,0,0,0,0,0,0,0,0,0,0,0,0.0075,0,0,0,0,0,0.2003,0,0,0,0,0.0093,0.0975,0.0099,0.0774,0.4288,0,0.0155,0,0,0.0129,0.0027,0,0,0.1381,0,0,0,0,0,0,0,0,0
8013,0,0,0,0,0,0,0,0,0,0,0,0,0,0,0,0,0,0.0036,0,0,0.0015,0,0.0013,0.1244,0.0013,0.0407,0.2641,0,0.0266,0,0,0.1645,0,0,0,0.3702,0,0,0,0.0017,0,0,0,0,0
81002,0,0.0034,0,0,0,0,0,0,0,0,5e-4,0.0019,0,0,0,0,0,0.0499,0,0,0,0,0.0174,0.4468,0.0028,0.0451,0.2079,0,0.1396,0,0,0.0221,0,0,0,0.0562,0,0,0,0,0.0065,0,0,0,0
81003,0,0,0,0,0,0,0,0,0,0,0,0.0015,0,0,0,0,0,0.1304,0,0,0.0054,0,0.0054,0.1326,0,0.0122,0.1414,0,0.0316,0,0,0,0,0,0,0.5362,0,0,0,0,0.0032,0,0,0,0
81004,0,0,0,0,0,0,0,0,0,0,0,0.0048,0,0,0,0,0,0.1764,0,0,0.0026,0,0.005,0.3676,0.0054,0.0401,0.0832,0,0.0408,0,0,0,0,0,0,0.2644,0,0,0,0,0.0096,0,0,0,0
81006,0,0,0,0,0,0,0,0,0,0,0,0,0,0,0,0,0,1e-4,0,0,0,0,0.0042,0.3603,0.0035,0.0042,0.3288,0,0.1538,0,0,0.0527,0,0,0,0.0831,0,0,0,0,0.0093,0,0,0,0
81007,0,0,0,0,0,0,0,0,0,0,0,0,0,0,0,0,0,0.0703,0,0,0,0,0.0193,0.4083,0,0.0494,0.2938,0,0.0561,0,0,0.0125,0,0,0,0.0903,0,0,0,0,0,0,0,0,0
82001,0,0.0066,0,0,0,0,0,0,0,0,0.0026,0.0163,0,0,0,0,0,0.3787,0,0,0.0139,0,0.019,0.1927,0.0402,0.0709,0.1179,0,0.0617,0,0,0.0022,0,0,0,0.0646,0,0,0,0,0.0124,0,0,0,0
82003,0,0,0,0,0,0,0.0012,0,0,0,0,0,0,0,0,0,0,0.2545,0,0,0.0018,0,0.0239,0.3587,0.0012,0.1079,0.1184,0,0.0695,0,0,2e-4,0,0,0,0.0619,0,0,0,0,8e-4,0,0,0,0
83003,0,0.0107,0,0,0,0,0.0245,0,0,0,0,0.0071,0,0,0,0,0,0.1919,0,0,0.0038,0,0,0.0517,0.0039,0.0493,0.1918,0,0.0083,0,0,0,0,0,0,0.4549,0,0,0,0,0.002,0,0,0,0
83004,0,0.0222,0.0016,0,0,0,0.0496,0,0,0,0,0.0239,0,0,0,0,0,0.3389,0,0,0,0,0.0051,0.1684,0.0093,0.1069,0.0857,0,0.0207,0,0,0,0,0,0,0.1663,0,0,0,0,0.0013,0,0,0,0
83006,0,0.0182,8e-4,0,0,0,0.027,0,4e-4,0,6e-4,0.0739,0,0,0,0,0,0.3883,0,0,0.0026,0,0.0117,0.0946,0.0058,0.061,0.0895,0,0.0181,0,0,0,0,0,0,0.2059,0,0,0,0,0.0015,0,0,0,0
83007,0,0.0051,0,0,0,0,0,0,0,0,0.0067,0.0056,0,0,0,0,0,0.8355,0,0,0,0,0.0316,0,0.0225,0.0474,0,0,0,0,0,0,0,0,0.0051,0.0406,0,0,0,0,0,0,0,0,0
83009,0,0.043,0.03,0,0,0,0,0,0,0.0014,0.0034,0.0508,0,0,0,0,0,0.5018,0,0,0.0157,0,0.0053,0.0216,0.0138,0.0725,0.067,0,0.006,0,0,0,0,0,0,0.1603,0,0,0,0,0.0072,0,0,0,0
83010,0,0.0225,0.0213,0,0,0,8e-4,0,0,0,0,0,0,0,0,0,0,0.4352,0,0,0,0,0.021,0.196,0.0064,0.0298,0.0257,0,0.0826,0,0,0,0,0,0,0.1589,0,0,0,0,0,0,0,0,0
83013,0,0.0357,0.0076,0,0,0,0.002,0,0,0,0.0032,0.0119,0,0,0,0,0,0.6573,0,0,0,0,0.0125,0.0876,0.0111,0.0127,0.0091,0,0.0574,0,0,0,0,0,0,0.0919,0,0,0,0,0,0,0,0,0
84001,0.0012,0.1472,0.0131,0.0022,0,0,0.0163,0.0026,0,0.0062,0.0446,0.0721,0,0,0,0,0,0.3725,0,0,0.0038,0,0.0343,0.0387,0.0177,0.0801,0.0837,0,0.0062,0,0,0,0,0,0,0.0508,0,0,0,0,0.0066,0,0,0,0
84004,0,0.0039,8e-4,0.0027,0,0,0.0022,0,1e-4,0,0.002,0.0678,0,0,0,0,0,0.1883,0,0,0.0023,0,0.0034,0.087,0.0033,0.2028,0.2722,0,0.0133,0,0,6e-4,0,0,0,0.1434,0,0,0,0,0.0038,0,0,0,0
84005,0.001,0.0391,0.0055,0.0022,0,0,0.015,4e-4,0.0015,0.0028,0.0059,0.0543,0,0,0,0,0,0.3168,0,0,0.0032,0,0.0165,0.1175,0.0117,0.1145,0.1634,0,0.0206,0,0,2e-4,0,0,0,0.1052,0,0,0,3e-4,0.0024,0,0,0,0
84008,4e-4,0.1237,0.0679,0,0,0,0.0284,0,0.0068,0.0086,0.0382,0.0925,0,0,0,0,0,0.4167,0,0,0,0,0.0254,0.0407,0.0074,0.0275,0.0151,0,0,0,0,0,0,0,0,0.1008,0,0,0,0,0,0,0,0,0
84009,0,0.032,0,0,0,0,0.0052,0,0,0,0.0055,1e-4,0,0,0,0,0,0.4434,0,0,0,0,0.0061,0.1924,0.0156,0.0863,0.0106,0,0.0308,0,0,0,0,0,0,0.172,0,0,0,0,0,0,0,0,0
84012,0.0021,0.2721,0.0258,0.0063,0,0,0.0043,0,0.0015,0.0192,0.0468,0.0391,0,0,0,0,0,0.3799,0,0,0.0091,0,0.01,0.0437,0,0.0679,0.0049,0,0.0014,0,0,0,0,0,0,0.0516,0,0,0,0,0.0142,0,0,0,0
84013,0.0012,0.0602,0.0121,0.0026,0,0,0.0157,4e-4,0.0017,0.0039,0.0089,0.0531,0,0,0,0,0,0.3158,0,0,0.0039,0,0.0167,0.1085,0.0111,0.1084,0.1486,0,0.0196,0,0,2e-4,0,0,0,0.1037,0,0,0,3e-4,0.0034,0,0,0,0
84014,0,0.0251,0.0071,5e-4,0,0,0.0029,0,0,0,0.0017,0.0165,0,0,0,0,0,0.5113,0,0,0,0,0.0146,0.1938,0.0068,0.0252,0.0349,0,0.0446,0,0,0,0,0,0,0.1139,0,0,0,0,0.0012,0,0,0,0
84016,0,0.1115,0.0158,0.0178,0,0,0.0542,0,0,0,0.013,0.044,0,0,0,0,0,0.4401,0,0,0,0,0.0336,0.028,0.0505,0.0689,0.0381,0,0.0455,0,0,0,0,0,0,0.039,0,0,0,0,0,0,0,0,0
84017,0,0.0361,0.0082,0,0,0,0.0033,0,0,0,0.0134,0.0544,0,0,0,0,0,0.3813,0,0.008,0.0187,0,0.0151,0.0038,0.0087,0.0984,0.0876,0,0,0,0,0,0,0,0,0.2238,0,0,0,0,0.0393,0,0,0,0
84018,0,0.0048,0.0018,0.0032,0,0,0.0154,4e-4,0.0011,0,0.0038,0.0598,0,0,0,0,0,0.1966,0,0,0.0025,0,0.0027,0.1107,0.004,0.1714,0.2749,0,0.0138,0,0,4e-4,0,0,0,0.1291,0,0,0,4e-4,0.003,0,0,0,0
84019,0.0054,0.2592,0.0644,0.004,0,0,0.0221,0,0.001,0.0024,0.0303,0.0278,0,0,0,0,0,0.2703,0,0,0.0158,0,0.0173,0.0341,0.0061,0.0731,0.0312,0,0.0169,0,0,0,0,0,0,0.0989,0,0,0,0,0.0196,0,0,0,0
84020,0,0.0294,0.0048,0,0,0,0,0,0,0,0.0069,0.0283,0,0,0,0,0,0.243,0,0,0,0,0.0304,0.0516,0.0125,0.1816,0.1987,0,0,0,0,0,0,0,0,0.2128,0,0,0,0,0,0,0,0,0
84022,0,0,0,0,0,0,0,0,0,0,0,0.044,0,0,0,0,0,0.1003,0,0,0,0,0.0028,0.1619,0,0.0696,0.2815,0,0.0065,0,0,0,0,0,0,0.3333,0,0,0,0,0,0,0,0,0
84026,0,0.0965,0,0,0,0,0,0,0,0,0.0788,0,0,0,0,0,0,0.1118,0,0,0.0288,0,0.0481,0.1674,0.0795,0.1236,0.1828,0,0.0144,0,0,0,0,0,0,0.0562,0,0,0,0,0.0121,0,0,0,0
84030,0.0047,0.1393,0.0383,0.0101,0,0,0.0046,0,0,0.0029,0.0133,0.0607,0,0,0,0,0,0.4385,0,0,0,0,0.0096,0.0848,0,0.0904,0.0106,0,0.0032,0,0,0,0,0,0,0.0787,0,0,0,0,0.0103,0,0,0,0
85001,0,0.0092,0.0011,0,0,0,4e-4,0,5e-4,0,0.0086,0.0065,0,0,0,0,0,0.1461,0,0,0.0077,0,0.0658,0.0675,0.0115,0.2189,0.1812,0,0.0145,0,0,0.032,0,0,0,0.1324,0,0,0,0,0.0962,0,0,0,0
85002,0,0.0126,0.0039,0,0,0,0,0,0,0,0.0069,0.0163,0,0,0,0,0,0.2929,0,0,0.0232,0,0.0472,0.0832,0.0157,0.1467,0.1769,0,0.0096,0,0,0,0,0,0,0.1629,0,0,0,0,0.0021,0,0,0,0
85003,0,0,0,0,0,0,0,0,0,0,0,0,0,0,0,0,0,0.004,0,0,0,0,0.0196,0.0121,0,0.3375,0.2305,0,0.0302,0,0,0.0717,0,0,0,0.2943,0,0,0,0,0,0,0,0,0
85004,0,0,0,0,0,0,0,0,0,0,0,0,0,0,0,0,0,0.0245,0,0,0,0,0.0386,0,0,0.5138,0.0814,0,0,0,0,0.2079,0,0,0,0.1338,0,0,0,0,0,0,0,0,0
88001,0,0,0,0,0,0,0,0,0,0,0,0,0,0,0,0,0,0.0606,0,0,0,0,0,0.6131,0,0,0.0293,0,0.1082,0,0,0,0,0,0,0.1888,0,0,0,0,0,0,0,0,0
89002,0,0,0,0,0,0,0,0,0,0,0,0,0,0,0,0,0,0,0,0,0,0,0,0.0876,0,0.3043,0.146,0,0.0144,0,0,0.1252,0,0,0,0.3153,0,0,0,0,0.0072,0,0,0,0
89003,0,0,0,0,0,0,0,0,0,0,0,0,0,0,0,0,0,0.0105,0,0,0,0,0.0015,0.1217,0.0016,0.2814,0.1885,0,0.0489,0,0,0.0723,0,0,0,0.2619,0,0,0,0,0.0117,0,0,0,0
89005,0,0,0,0,0,0,0,0,0,0,0,0,0,0,0,0,0,0,0,0,0,0,0.007,0.4387,0.0053,0.2916,0.1254,0,0.0231,0,0,0.0503,0,0,0,0.0586,0,0,0,0,0,0,0,0,0
89007,0,0,0,0,0,0,0,0,0,0,0,0,0,0,0,0,0,0.0034,0,0,0,0,0,0.6876,0,0.0484,0.1545,0,0.0301,0,0,0,0,0,0,0.076,0,0,0,0,0,0,0,0,0
90003,0,0.0013,6e-4,0,0,0,0,0,0,0,0.0055,0,0,0,0,0,0,0.0256,0,0,0,0,0.0359,0.0593,0.0062,0.3523,0.1845,0,0.0071,0,0,0.2351,0,0,0,0.0867,0,0,0,0,0,0,0,0,0
9002,0,0.0051,3e-4,0,0,0,2e-4,0,0,0,8e-4,0.2281,0,0,0,0,0,0.3249,0,0,0.0022,0,0.0067,0.1596,0.0084,0.038,0.1332,0,0.0368,0,0,1e-4,0.0039,0,0,0.0516,0,0,0,0,0,0,0,0,0
9003,0,0.0116,0.0015,0,0,0,0.0013,0,0,0,0.0018,0.2318,0,0,0,0,0,0.3391,0,0,0.0065,0,0.0047,0.2062,3e-4,0.0391,0.0687,0,0.0668,0,0,0,0,0,0,0.0206,0,0,0,0,0,0,0,0,0
9004,0,0.0014,0,0,0,0,0,0,0,0,0,0.1201,0,0,0,0,0,0.3382,0,0,0,0,0.0048,0.271,0.0079,0.0519,0.1454,0,0.0418,0,0,0,0,0,0,0.0176,0,0,0,0,0,0,0,0,0
9005,0,0,0,0,0,0,0,0,0,0,0,0,0,0,0,0,0,0.0943,0,0,0,0,0,0.0295,0,0.0914,0.522,0,0,0,0,0,0.0382,0,0,0.2246,0,0,0,0,0,0,0,0,0
92001,0,0,0,0,0,0,0,0,0,0,0,0,0,0,0,0,0,0.0037,0,0,0.0017,0,0.0288,0.1735,0.0318,0.3098,0.0875,0,0.015,0,0,0.1173,0,0,0,0.1512,0,0,0,0,0.0797,0,0,0,0
93001,0,0,0,0,0,0,0,0,0,0,0,0,0,0,0,0,0,6e-4,0,0,0,0,0.0179,0.0793,0,0.1039,0.0387,0,0.0327,0,0.0152,0.1083,0,0,0,0.5919,0,0,0,0,0.0114,0,0,0,0
94001,0,2e-4,0,0,0,0,0,0,0,0,0,0,0,0,0,0,0,0.0054,0,0,0.0013,0,0.0019,0.0185,0,0.0537,0.112,0,0.0372,0,0.0214,0.0908,0,0,0,0.5749,0,0,0,0,0.0828,0,0,0,0
95001,0,0,0,0,0,0,0,0,0,0,0,0,0,0,0,0,0,0.0056,0,0,0,0,0,0,0,0.0571,0.0796,0,0,0,0.0273,0.187,0,0,0,0.5775,0,0,0,0,0.0658,0,0,0,0
96001,0,0,0,0,0,0,0,0,0,0,0,0,0,0,0,0,0,0.0184,0,0,0,0,0,0.2136,0,0.0087,0.0081,0,0.0704,0,0.003,0,0,0,0,0.6739,0,0,0,0,0.004,0,0,0,0
96002,0,0,0,0,0,0,0,0,0,0,0,0,0,0,0,0,0,0.0259,0,0,0,0,0.0043,0.0486,0,0.0622,0.2245,0,0.0093,0,0,0.0204,0,0,6e-4,0.5753,0,0,0,0,0.0291,0,0,0,0
96004,0,0,0,0,0,0,0,0,0,0,0,0,0,0,0,0,0,0,0,0,0,0,0,0.0133,0,0.012,0.0307,0,0,0,0,0.2084,0,0,0,0.7305,0,0,0,0,0.0051,0,0,0,0
97002,0,5e-4,0,0,0,0,0,0,0,0,0,0.0033,0,0,0,0,0,0.0764,0,0,0,0,0,0.1239,0,0.0368,0.0159,0,0.0286,0,0,0,0,0,0,0.6909,0,0,0,0,0.0237,0,0,0,0
